number,name
1,AHL99225A_SantaClara_YGA_03020_20132013_01_20HA
2,AHL95578A_Boston_YGA_00055_20132013_02_01HA
3,ALG00437A_Michigan_24_20132013_01_24HA
4,ALM06002A_TelAviv_1514A02705506T_20132013_01_31HA
5,ALG00458A_Wisconsin_54_20122012_12_28HA
6,AHL95650A_Boston_YGA_00063_20132013_02_12HA
7,AHL98414A_Boston_YGA_01214_20132013_03_07HA
8,AGZ61525A_Delaware_08_20132013_02_01HA
9,AHN96379A_CzechRepublic_200_20132013_01_23HA
10,AID47950A_CzechRepublic_216_20132013_01_09HA
11,AGG13639A_Texas_JMM_24_20122012_11_26HA
12,AHL99916A_SantaClara_YGA_03080_20132013_01_14HA
13,AHZ95910A_Connecticut_Flu034_20122012_12_27HA
14,AHL95985A_Boston_YGA_00096_20132013_01_28HA
15,AGZ61038A_NewYork_05_20132013_03_27HA
16,AGQ16342A_Japan_3411_20132013_03_26HA
17,AGM16036A_Tunisia_1987_20132013_02_06HA
18,ALM06004A_Pristina_1514A06505401N_20132013_02_06HA
19,AGZ60823A_Virginia_03_20132013_01_04HA
20,AHA38543A_Quebec_09_20132013_01_22HA
21,AHZ40710A_Houston_JMM_142_20132013_01_12HA
22,AHA38556A_Quebec_28_20132013_03_09HA
23,AGZ61029A_Florida_08_20132013_03_21HA
24,AGW01331A_Boston_DOA2-156_20132013_01_13HA
25,AHL98578A_Boston_YGA_02010_20122012_12_24HA
26,AGZ61597A_NorthDakota_01_20132013_01_27HA
27,AHL95710A_Boston_YGA_00070_20132013_01_13HA
28,AHL97961A_Boston_YGA_01172_20132013_01_14HA
29,AIT92497A_Connecticut_Flu119_20132013_01_24HA
30,AGD98960A_Ontario_005_20132013_01_04HA
31,AGD98963A_Ontario_008_20132013_01_04HA
32,AHL99498A_SantaClara_YGA_03044_20132013_01_24HA
33,AHL95698A_Boston_YGA_00068_20132013_02_28HA
34,AGG13603A_Texas_JMM_21_20122012_11_25HA
35,AHL96832A_Boston_YGA_01073_20122012_12_28HA
36,AHD25328A_Delhi_1951_20132013_02_21HA
37,AIT92521A_Connecticut_Flu135_20132013_01_28HA
38,AKJ80300A_Wisconsin_V130122_20122012_12_01HA
39,AHZ95899A_Connecticut_Flu013_20122012_12_29HA
40,AHZ95905A_Connecticut_Flu025_20122012_12_30HA
41,AIJ10756A_Hangzhou_A155_20132013_02_25HA
42,AHA38544A_Quebec_11_20132013_01_22HA
43,AHL98164A_Boston_YGA_01192_20132013_01_23HA
44,AGZ61035A_NorthDakota_02_20132013_03_30HA
45,AIT92498A_Connecticut_Flu124_20132013_01_25HA
46,ALG00491A_Wisconsin_54_20132013_02_11HA
47,AGW02193A_Boston_DOA2-246_20132013_01_26HA
48,AHL96033A_Boston_YGA_01001_20122012_12_19HA
49,AIT92487A_Connecticut_Flu056_20122012_12_30HA
50,AKJ80305A_Wisconsin_V130302_20122012_12_01HA
51,AGF44908A_NewYork_3094_20122012_12_07HA
52,AHL96414A_Boston_YGA_01036_20122012_12_24HA
53,AGL09763A_Nebraska_3197_20122012_12_18HA
54,AGZ61402A_Nebraska_15_20122012_12_18HA
55,AHM00025A_Chicago_YGA_04012_20122012_12_03HA
56,AHN96402A_CzechRepublic_166_20132013_01_29HA
57,AHL95889A_Boston_YGA_00088_20132013_02_04HA
58,AGW01451A_Boston_DOA2-169_20122012_12_31HA
59,AHB73582A_Ontario_037_20132013_02_12HA
60,AHL96509A_Boston_YGA_01044_20122012_12_25HA
61,AGZ61389A_NewJersey_02_20132013_01_19HA
62,AHL98128A_Boston_YGA_01189_20132013_01_23HA
63,AHL99249A_SantaClara_YGA_03022_20132013_01_29HA
64,AHA38542A_Quebec_07_20132013_01_22HA
65,AIT92499A_Connecticut_Flu138_20132013_01_30HA
66,ALG00451A_Wisconsin_53_20122012_12_20HA
67,AHZ95903A_Connecticut_Flu021_20122012_12_30HA
68,AHL99021A_SantaClara_YGA_03003_20132013_01_07HA
69,AGZ60768A_California_18_20132013_02_21HA
70,AHB73522A_Japan_NHRC399378_20132013_02_08HA
71,AHZ95909A_Connecticut_Flu033_20122012_12_29HA
72,AHZ40698A_Houston_JMM_141_20132013_01_12HA
73,AHA38555A_Quebec_27_20132013_03_07HA
74,AKJ80294A_Wisconsin_U131291_20132013_02_01HA
75,AHL96450A_Boston_YGA_01039_20122012_12_24HA
76,AGL09735A_Arizona_3165_20132013_01_03HA
77,AHB73583A_Ontario_030_20132013_01_29HA
78,AHL97541A_Boston_YGA_01136_20132013_01_03HA
79,AHZ65521A_Ontario_C9969-2_20132013_01_02HA
80,AKJ80298A_Wisconsin_V130075_20122012_12_01HA
81,AHM00902A_Chicago_YGA_04183_20132013_01_14HA
82,AHZ36673A_Nicaragua_AGA2-113_20132013_02_17HA
83,AIL94606A_Nicaragua_6162_03_20132013_03_08HA
84,AGZ60742A_NewYork_47_20122012_11_20HA
85,AHZ95908A_Connecticut_Flu028_20122012_12_29HA
86,AGB97296A_Oklahoma_3059_20122012_10_05HA
87,AHZ36661A_Nicaragua_AGA2-112_20132013_02_11HA
88,AIT92500A_Connecticut_Flu140_20132013_01_29HA
89,AGW01893A_Boston_DOA2-218_20132013_01_15HA
90,AIJ10757A_Hangzhou_A158_20132013_03_01HA
91,AGZ61544A_NewYork_60_20122012_12_25HA
92,AGZ61285A_Texas_82_20122012_10_11HA
93,AHA38551A_Quebec_21_20132013_01_31HA
94,AHD25326A_Delhi_1782_20132013_02_20HA
95,AHZ40297A_Houston_JMM_105_20132013_01_02HA
96,AHL98248A_Boston_YGA_01199_20132013_01_29HA
97,AGZ60393A_Florida_06_20132013_02_12HA
98,AGZ61326A_Pennsylvania_20_20122012_10_24HA
99,AHZ65523A_Ontario_C0587-4_20132013_01_20HA
100,AHL97973A_Boston_YGA_01173_20132013_01_17HA
101,AGZ60817A_Massachusetts_15_20122012_12_18HA
102,AGQ16339A_Japan_3408_20132013_03_08HA
103,AIT92527A_Connecticut_Flu170_20132013_01_25HA
104,AHZ36685A_Nicaragua_AGA2-114_20132013_02_21HA
105,AHB73584A_Ontario_009_20132013_01_04HA
106,AIT92501A_Connecticut_Flu146_20132013_02_08HA
107,AGZ61315A_Iowa_15_20122012_11_12HA
108,AHL97889A_Boston_YGA_01166_20132013_01_10HA
109,AGL09785A_NewYork_3219_20132013_01_08HA
110,AHZ95901A_Connecticut_Flu017_20122012_12_29HA
111,AHL99772A_SantaClara_YGA_03068_20122012_12_05HA
112,AIT92508A_Connecticut_Flu050_20122012_12_29HA
113,AHL95152A_Boston_YGA_00019_20122012_12_31HA
114,AGL09825A_Virginia_3259_20132013_01_10HA
115,AHZ65520A_Ontario_C3798-1_20122012_12_18HA
116,AHL95638A_Boston_YGA_00062_20132013_02_11HA
117,AHD25319A_Delhi_1391_20132013_02_18HA
118,AHL98176A_Boston_YGA_01193_20132013_01_24HA
119,AHL96952A_Boston_YGA_01084_20122012_12_28HA
120,AIT92524A_Connecticut_Flu147_20132013_02_01HA
121,AHZ95892A_Connecticut_Flu002_20122012_12_30HA
122,AGL09881A_Florida_3179_20132013_01_04HA
123,AGL09827A_Washington_3261_20122012_12_18HA
124,AIT92520A_Connecticut_Flu122_20132013_01_27HA
125,AHA38549A_Quebec_19_20132013_01_29HA
126,AGW01857A_Boston_DOA2-214_20132013_01_07HA
127,AGZ60626A_Montana_03_20132013_02_21HA
128,AGW01749A_Boston_DOA2-199_20132013_01_17HA
129,AGZ61538A_Nebraska_03_20132013_01_02HA
130,AGT18759A_Kenya_256_20132013_01_29HA
131,AGT18758A_Kenya_255_20132013_01_29HA
132,AGT18760A_Kenya_257_20132013_01_23HA
133,AGT18748A_Kenya_245_20122012_12_10HA
134,AGT18761A_Kenya_258_20132013_01_21HA
135,AGT18756A_Kenya_253_20132013_02_18HA
136,AGT18757A_Kenya_254_20132013_02_13HA
137,AGZ60482A_Wyoming_03_20132013_02_08HA
138,AID47938A_CzechRepublic_217_20132013_01_11HA
139,AGL09829A_Washington_3263_20132013_01_01HA
140,AHL98997A_SantaClara_YGA_03001_20132013_01_02HA
141,AHL99904A_SantaClara_YGA_03079_20132013_01_24HA
142,AHL96652A_Boston_YGA_01056_20122012_12_26HA
143,AIG44801A_Singapore_H2012.956_20122012_12_15HA
144,AHL99153A_SantaClara_YGA_03014_20132013_01_09HA
145,AHL99701A_SantaClara_YGA_03062_20122012_12_23HA
146,AGD98954A_Ontario_031_20122012_12_31HA
147,AGD98955A_Ontario_032_20122012_12_31HA
148,AGZ61253A_NorthCarolina_01_20132013_01_03HA
149,AGZ60620A_NewMexico_06_20132013_02_23HA
150,AIT92523A_Connecticut_Flu141_20132013_01_28HA
151,AGZ60929A_RhodeIsland_02_20132013_01_10HA
152,AHL99309A_SantaClara_YGA_03027_20132013_01_09HA
153,AGL09778A_NewYork_3212_20122012_12_27HA
154,AHL98272A_Boston_YGA_01201_20132013_02_02HA
155,AGZ60729A_Iowa_22_20122012_11_20HA
156,AGL09750A_Florida_3184_20122012_12_13HA
157,AHL98985A_Boston_YGA_02058_20132013_02_20HA
158,ALG00449A_Michigan_22_20132013_01_07HA
159,AHL96200A_Boston_YGA_01016_20122012_12_22HA
160,AIT92488A_Connecticut_Flu066_20122012_12_30HA
161,AIT92514A_Connecticut_Flu090_20132013_01_01HA
162,AIT92526A_Connecticut_Flu166_20132013_01_26HA
163,AIT92496A_Connecticut_Flu117_20132013_01_25HA
164,AGL09779A_NewYork_3213_20132013_01_06HA
165,AHL96188A_Boston_YGA_01015_20122012_12_21HA
166,AHL98746A_Boston_YGA_02027_20132013_01_10HA
167,AGW02061A_Boston_DOA2-233_20132013_01_03HA
168,AHL97348A_Boston_YGA_01120_20132013_01_02HA
169,AGW01821A_Boston_DOA2-209_20122012_12_28HA
170,AGL09790A_NewYork_3224_20122012_12_18HA
171,AHZ95891A_Connecticut_Flu001_20122012_12_30HA
172,AGW01655A_Boston_DOA2-186_20132013_01_11HA
173,AGF44899A_NewYork_3085_20122012_12_05HA
174,AHZ40524A_Houston_JMM_125_20132013_01_08HA
175,AGL09786A_NewYork_3220_20132013_01_14HA
176,AGL09780A_NewYork_3214_20132013_01_05HA
177,AKJ80354A_Rochester_0087_20132013_01_31HA
178,AKJ80361A_Rochester_0073_20132013_01_14HA
179,AKJ80337A_Rochester_0085_20132013_01_24HA
180,AKJ80330A_Rochester_0085_20132013_01_24HA
181,AHL97553A_Boston_YGA_01137_20132013_01_03HA
182,AHL95794A_Boston_YGA_00079_20132013_01_21HA
183,AHL97721A_Boston_YGA_01152_20132013_01_05HA
184,AHL97877A_Boston_YGA_01165_20132013_01_10HA
185,AGW00931A_Boston_DOA2-149_20132013_01_09HA
186,AGW00113A_Boston_DOA2-122_20122012_12_26HA
187,AGW01607A_Boston_DOA2-182_20132013_01_08HA
188,AHL97120A_Boston_YGA_01100_20122012_12_31HA
189,AHL97084A_Boston_YGA_01097_20122012_12_30HA
190,AGF44911A_NewYork_3097_20122012_12_06HA
191,AGF44898A_NewYork_3084_20122012_12_01HA
192,AGW01463A_Boston_DOA2-170_20132013_01_12HA
193,AGL09794A_NewYork_3228_20122012_12_14HA
194,AHL98902A_Boston_YGA_02045_20132013_01_25HA
195,AGW01523A_Boston_DOA2-175_20132013_01_06HA
196,AHL97697A_Boston_YGA_01150_20132013_01_05HA
197,AHL97829A_Boston_YGA_01161_20132013_01_07HA
198,AHL95842A_Boston_YGA_00083_20132013_01_23HA
199,AHL98699A_Boston_YGA_02023_20132013_01_07HA
200,AHL95566A_Boston_YGA_00054_20132013_01_24HA
201,AHL95331A_Boston_YGA_00040_20132013_01_11HA
202,AGV99061A_Boston_DOA2-102_20122012_12_15HA
203,AGL09796A_NewYork_3230_20122012_12_15HA
204,AGW01977A_Boston_DOA2-225_20132013_01_22HA
205,AGW02157A_Boston_DOA2-243_20132013_01_10HA
206,AHZ95907A_Connecticut_Flu027_20122012_12_30HA
207,AIT92494A_Connecticut_Flu105_20132013_03_04HA
208,AGZ61284A_RhodeIsland_08_20122012_11_06HA
209,AGL09798A_NewYork_3232_20122012_12_14HA
210,AHL97336A_Boston_YGA_01118_20132013_01_02HA
211,AHL97480A_Boston_YGA_01131_20132013_01_03HA
212,AHL96892A_Boston_YGA_01078_20122012_12_28HA
213,AHL95444A_Boston_YGA_00044_20132013_01_13HA
214,AGW00805A_Boston_DOA2-137_20122012_12_21HA
215,AGW00161A_Boston_DOA2-126_20122012_12_16HA
216,AHZ95897A_Connecticut_Flu009_20122012_12_30HA
217,AHL98961A_Boston_YGA_02054_20132013_02_12HA
218,AHL98890A_Boston_YGA_02043_20132013_01_24HA
219,AGW00077A_Boston_DOA2-119_20122012_12_24HA
220,AGL09771A_NewYork_3205_20122012_12_19HA
221,AGL09795A_NewYork_3229_20122012_12_14HA
222,AGZ61328A_NewYork_39_20122012_10_20HA
223,AGF44919A_NewYork_3105_20122012_11_28HA
224,AHL95937A_Boston_YGA_00092_20132013_02_01HA
225,AGL09792A_NewYork_3226_20122012_12_12HA
226,AIT92489A_Connecticut_Flu072_20122012_12_29HA
227,AGL09799A_NewYork_3233_20122012_12_17HA
228,AGW00125A_Boston_DOA2-123_20122012_12_26HA
229,AHL95818A_Boston_YGA_00081_20132013_01_23HA
230,AHL95343A_Boston_YGA_00041_20132013_01_11HA
231,AGZ61225A_NewYork_37_20122012_10_21HA
232,AGL09797A_NewYork_3231_20122012_12_14HA
233,AGW01809A_Boston_DOA2-207_20132013_01_03HA
234,AGW01559A_Boston_DOA2-178_20132013_01_08HA
235,AHL96760A_Boston_YGA_01066_20122012_12_27HA
236,AHL96354A_Boston_YGA_01029_20122012_12_23HA
237,AGW02133A_Boston_DOA2-241_20132013_01_04HA
238,AGW01785A_Boston_DOA2-203_20122012_12_29HA
239,AHL95686A_Boston_YGA_00067_20132013_02_26HA
240,AHL98343A_Boston_YGA_01207_20132013_02_07HA
241,AIT92510A_Connecticut_Flu060_20122012_12_30HA
242,AHL95722A_Boston_YGA_00071_20132013_01_13HA
243,AGL09793A_NewYork_3227_20122012_12_13HA
244,AHA38554A_Quebec_26_20132013_02_20HA
245,AKJ80274A_Wisconsin_U130661_20132013_01_01HA
246,AGL09761A_Maryland_3195_20132013_01_02HA
247,AHD25329A_Delhi_2274_20132013_02_22HA
248,AHD25324A_Delhi_1702_20132013_02_19HA
249,AHD25320A_Haryana_1396_20132013_02_17HA
250,AHD25325A_Delhi_1720_20132013_02_20HA
251,AHD25318A_Delhi_1313_20132013_02_17HA
252,AGZ61669A_Arizona_11_20122012_12_12HA
253,AHL99069A_SantaClara_YGA_03007_20132013_01_29HA
254,AGL09767A_Nevada_3201_20132013_01_11HA
255,AGZ60401A_Idaho_03_20132013_02_15HA
256,AIJ10753A_Hangzhou_B48_20132013_01_29HA
257,AHL95997A_Boston_YGA_00097_20132013_03_23HA
258,AHZ65524A_Ontario_C8073-5_20132013_01_31HA
259,AHZ65525A_Ontario_C5314-6_20132013_02_07HA
260,AHZ65526A_Ontario_C3849-7_20132013_03_03HA
261,AHZ40213A_Houston_JMM_97_20122012_12_29HA
262,AID47962A_CzechRepublic_218_20132013_01_15HA
263,AHL99880A_SantaClara_YGA_03077_20132013_01_09HA
264,AGW01619A_Boston_DOA2-183_20132013_01_09HA
265,AHB73565A_Missouri_NHRC394071_20132013_02_11HA
266,AKJ80328A_Wisconsin_V131358_20132013_02_01HA
267,AKJ80295A_Wisconsin_U131359_20132013_02_01HA
268,AGZ61543A_NewHampshire_03_20132013_02_03HA
269,AGL09766A_Nevada_3200_20122012_12_26HA
270,AGZ61429A_Washington_04_20132013_01_19HA
271,AHL99273A_SantaClara_YGA_03024_20132013_01_22HA
272,AHL99474A_SantaClara_YGA_03041_20132013_01_29HA
273,AKJ80306A_Wisconsin_V130470_20132013_01_01HA
274,AHL95758A_Boston_YGA_00076_20132013_01_19HA
275,AHZ40273A_Houston_JMM_103_20132013_01_02HA
276,AHL99321A_SantaClara_YGA_03028_20132013_01_25HA
277,AHL97108A_Boston_YGA_01099_20122012_12_31HA
278,AGL09820A_Virginia_3254_20122012_12_26HA
279,AGL09762A_Maryland_3196_20132013_01_02HA
280,AGL09746A_Florida_3176_20132013_01_02HA
281,AGL09808A_SouthDakota_3242_20132013_01_03HA
282,AHZ40237A_Houston_JMM_99_20122012_12_29HA
283,AGW01355A_Boston_DOA2-158_20132013_01_03HA
284,AHL97132A_Boston_YGA_01101_20122012_12_31HA
285,AHL95020A_Boston_YGA_00006_20122012_12_14HA
286,AGW00769A_Boston_DOA2-134_20122012_12_20HA
287,AHL98782A_Boston_YGA_02033_20132013_01_15HA
288,AGZ61085A_Oregon_15_20122012_12_24HA
289,AGZ61084A_Nebraska_02_20132013_01_02HA
290,AKJ80315A_Wisconsin_V130764_20132013_01_01HA
291,AGZ61157A_Colorado_27_20122012_12_28HA
292,AGG13783A_Texas_JMM_37_20122012_11_30HA
293,AGZ61672A_Washington_53_20122012_11_27HA
294,AHL96342A_Boston_YGA_01028_20122012_12_23HA
295,AGZ61687A_Minnesota_17_20122012_11_14HA
296,AHZ42867A_Houston_JMM_176_20132013_01_17HA
297,AGZ60712A_Idaho_37_20122012_11_24HA
298,AGZ60777A_Washington_07_20132013_01_07HA
299,AGL09756A_Kentucky_3190_20132013_01_02HA
300,AGL09822A_Virginia_3256_20132013_01_03HA
301,AGZ61397A_Missouri_02_20132013_01_22HA
302,AGZ61451A_Utah_03_20132013_02_03HA
303,AGZ60872A_Delaware_24_20122012_12_18HA
304,AGZ60363A_Michigan_01_20132013_01_31HA
305,AGZ60369A_Washington_06_20132013_02_14HA
306,AHL99617A_SantaClara_YGA_03055_20132013_01_14HA
307,ALH38108A_Texas_25_20132013_01_18HA
308,AGZ60920A_Alaska_01_20132013_03_06HA
309,ALH38120A_Texas_115_20122012_12_21HA
310,AGL09733A_Alabama_3163_20132013_01_16HA
311,AGZ60432A_Nevada_27_20122012_11_18HA
312,AGZ60492A_Idaho_24_20122012_11_19HA
313,AGL09805A_SouthCarolina_3239_20122012_12_17HA
314,AGL09736A_Colorado_3166_20122012_12_17HA
315,AGZ61570A_Utah_27_20122012_11_12HA
316,AGZ61070A_Minnesota_01_20132013_01_08HA
317,ALH38104A_Texas_21_20132013_01_14HA
318,AGZ61653A_Nevada_03_20132013_01_05HA
319,AHL99165A_SantaClara_YGA_03015_20132013_01_23HA
320,AHZ39806A_Houston_JMM_62_20122012_12_09HA
321,AHD25208A_Oklahoma_NHRC375600_20122012_11_29HA
322,AGZ60650A_Washington_60_20122012_12_05HA
323,AGZ60738A_Washington_61_20122012_12_08HA
324,AHL98937A_Boston_YGA_02051_20132013_02_01HA
325,AKJ80267A_Wisconsin_U130485_20132013_01_01HA
326,AKJ80308A_Wisconsin_V130636_20132013_01_01HA
327,AKJ80278A_Wisconsin_U130749_20132013_01_01HA
328,AGZ60933A_Montana_01_20132013_01_04HA
329,AGO51381A_Oklahoma_NHRC375601_20122012_11_29HA
330,AHZ40120A_Houston_JMM_89_20122012_12_21HA
331,AHB73572A_Ontario_022_20132013_01_23HA
332,ALG00462A_Wisconsin_46_20132013_01_07HA
333,AHB73573A_Ontario_027_20132013_01_24HA
334,ALH38129A_Texas_29_20132013_01_03HA
335,AHL95068A_Boston_YGA_00010_20122012_12_20HA
336,AKJ80269A_Wisconsin_U130518_20132013_01_01HA
337,AGZ60478A_California_16_20132013_01_30HA
338,AGZ61270A_Idaho_23_20122012_10_09HA
339,AGL09828A_Washington_3262_20122012_12_31HA
340,AGL09807A_SouthCarolina_3241_20122012_12_19HA
341,AGZ60365A_Colorado_02_20132013_02_12HA
342,AGZ61427A_Nevada_36_20122012_12_29HA
343,BAT21763A_Ishikawa_82-77_20132013_01_04HA
344,AHD25202A_California_NHRC382595_20122012_12_19HA
345,AHB73556A_California_NHRC388449_20132013_01_09HA
346,AGZ60923A_NewYork_04_20132013_03_18HA
347,AIK26596A_Mississippi_4_20132013_01_04HA
348,ALG00439A_Michigan_28_20132013_01_28HA
349,AGZ60444A_Montana_13_20122012_11_17HA
350,AGZ60473A_Kentucky_03_20132013_02_07HA
351,ALG00440A_Michigan_25_20132013_01_24HA
352,AIK26598A_Mississippi_17_20132013_01_09HA
353,AGZ61327A_Alabama_18_20122012_10_29HA
354,AGZ60440A_Alabama_24_20122012_11_19HA
355,AGZ61455A_Kentucky_01_20132013_01_09HA
356,BAT21759A_Kanagawa_81-531v_20132013_02_05HA
357,AGL09775A_NewYork_3209_20122012_12_24HA
358,BAT21760A_Chiba_89-173v_20132013_01_11HA
359,BAT21762A_Fukuoka_96-555v_20132013_02_20HA
360,BAT21758A_Ishikawa_83-122v_20132013_01_08HA
361,BAT21770A_Fukuoka_78-342_20132013_01_18HA
362,BAT21767A_Fukuoka_65-301_20132013_01_16HA
363,BAT21771A_Kumamoto_85-390v_20132013_01_21HA
364,BAT21768A_Fukuoka_67-504v_20132013_01_29HA
365,BAT21766A_Fukuoka_72-321_20132013_01_16HA
366,BAT21764A_Tokyo_55-193v_20132013_01_12HA
367,BAT21769A_Tokyo_53-90_20132013_01_07HA
368,BAT21761A_Kumamoto_86-3-415_20132013_01_22HA
369,BAT21765A_Fukuoka_60-417v_20132013_01_22HA
370,AIJ10755A_Hangzhou_A126_20132013_02_19HA
371,AHL95092A_Boston_YGA_00012_20122012_12_27HA
372,AGZ61401A_Massachusetts_04_20132013_01_12HA
373,AHL95176A_Boston_YGA_00021_20122012_12_31HA
374,AHL95542A_Boston_YGA_00052_20132013_01_18HA
375,AHL97733A_Boston_YGA_01153_20132013_01_05HA
376,AHL95272A_Boston_YGA_00031_20132013_01_09HA
377,AHL97817A_Boston_YGA_01160_20132013_01_07HA
378,AHL95518A_Boston_YGA_00050_20132013_01_18HA
379,AHL95530A_Boston_YGA_00051_20132013_01_18HA
380,AHL98354A_Boston_YGA_01208_20132013_02_10HA
381,AHL97420A_Boston_YGA_01126_20132013_01_02HA
382,AHL97024A_Boston_YGA_01091_20122012_12_29HA
383,AHL98674A_Boston_YGA_02021_20132013_01_04HA
384,AHL95394A_Boston_YGA_00042_20132013_01_12HA
385,AHL98307A_Boston_YGA_01204_20132013_02_05HA
386,AHL97505A_Boston_YGA_01133_20132013_01_03HA
387,AHL95104A_Boston_YGA_00014_20122012_12_28HA
388,AGL09753A_Georgia_3187_20132013_01_11HA
389,AGZ60846A_NewHampshire_21_20122012_12_14HA
390,AHL98554A_Boston_YGA_02008_20122012_12_21HA
391,AGW01511A_Boston_DOA2-174_20132013_01_04HA
392,AHL98542A_Boston_YGA_02006_20122012_12_18HA
393,AGL09833A_Washington_3267_20132013_01_07HA
394,AHM00663A_Chicago_YGA_04121_20122012_12_30HA
395,AHL98506A_Boston_YGA_02003_20122012_12_17HA
396,AHL97156A_Boston_YGA_01103_20122012_12_31HA
397,AGZ60837A_Wisconsin_51_20122012_12_11HA
398,AGZ60427A_Florida_46_20122012_11_23HA
399,AHL95961A_Boston_YGA_00094_20132013_01_31HA
400,AGZ61534A_Massachusetts_05_20132013_01_09HA
401,AHL97300A_Boston_YGA_01115_20132013_01_01HA
402,AHL95602A_Boston_YGA_00059_20132013_02_05HA
403,AHL96856A_Boston_YGA_01075_20122012_12_28HA
404,AGW01256A_Boston_DOA2-151_20132013_01_10HA
405,AHL98650A_Boston_YGA_02018_20132013_01_02HA
406,AHL97456A_Boston_YGA_01129_20132013_01_03HA
407,AHL95614A_Boston_YGA_00060_20132013_02_06HA
408,AHL97637A_Boston_YGA_01145_20132013_01_04HA
409,AHL98033A_Boston_YGA_01179_20132013_01_20HA
410,AHL95770A_Boston_YGA_00077_20132013_01_19HA
411,AHL98566A_Boston_YGA_02009_20122012_12_21HA
412,AHL97901A_Boston_YGA_01167_20132013_01_10HA
413,AHL98913A_Boston_YGA_02047_20132013_01_27HA
414,AHL96964A_Boston_YGA_01085_20122012_12_28HA
415,AHL98319A_Boston_YGA_01205_20132013_02_05HA
416,AHL95044A_Boston_YGA_00008_20122012_12_19HA
417,AHL97000A_Boston_YGA_01089_20122012_12_29HA
418,AHL96724A_Boston_YGA_01063_20122012_12_27HA
419,AHL96844A_Boston_YGA_01074_20122012_12_28HA
420,AGW01367A_Boston_DOA2-159_20132013_01_10HA
421,AGV99956A_Boston_DOA2-115_20122012_12_05HA
422,AHL96080A_Boston_YGA_01005_20122012_12_20HA
423,AHL98830A_Boston_YGA_02037_20132013_01_18HA
424,AHL96784A_Boston_YGA_01068_20122012_12_27HA
425,AHL95188A_Boston_YGA_00022_20132013_01_02HA
426,AHL96378A_Boston_YGA_01031_20122012_12_23HA
427,AHL97709A_Boston_YGA_01151_20132013_01_05HA
428,AHL97216A_Boston_YGA_01108_20122012_12_31HA
429,AHL95662A_Boston_YGA_00064_20132013_02_15HA
430,AHL95866A_Boston_YGA_00086_20132013_01_29HA
431,AHL95212A_Boston_YGA_00025_20132013_01_03HA
432,AHL97180A_Boston_YGA_01105_20122012_12_31HA
433,AGW02181A_Boston_DOA2-245_20132013_01_25HA
434,AHL95506A_Boston_YGA_00049_20132013_01_15HA
435,AGW02049A_Boston_DOA2-232_20132013_01_10HA
436,AHL99057A_SantaClara_YGA_03006_20132013_01_15HA
437,AIT92515A_Connecticut_Flu098_20132013_02_04HA
438,AGV99037A_Boston_DOA2-100_20122012_12_13HA
439,AGW02001A_Boston_DOA2-227_20132013_01_11HA
440,AHZ40746A_Houston_JMM_146_20132013_01_19HA
441,AHL99450A_SantaClara_YGA_03039_20132013_01_09HA
442,AGZ61055A_Wyoming_01_20132013_01_03HA
443,AGZ60840A_Kansas_16_20122012_12_12HA
444,AHZ40722A_Houston_JMM_144_20132013_01_13HA
445,AGZ60751A_Connecticut_13_20122012_11_28HA
446,AGW01761A_Boston_DOA2-201_20132013_01_15HA
447,AGW00137A_Boston_DOA2-124_20122012_12_26HA
448,AGW00841A_Boston_DOA2-142_20122012_12_21HA
449,AHL97372A_Boston_YGA_01122_20132013_01_02HA
450,AHL96366A_Boston_YGA_01030_20122012_12_23HA
451,AHL95913A_Boston_YGA_00090_20122012_12_20HA
452,AGW00745A_Boston_DOA2-132_20122012_12_19HA
453,AHL97949A_Boston_YGA_01171_20132013_01_14HA
454,AHL97444A_Boston_YGA_01128_20132013_01_02HA
455,AHL97432A_Boston_YGA_01127_20132013_01_02HA
456,AGV99133A_Boston_DOA2-108_20122012_10_11HA
457,AGV99121A_Boston_DOA2-107_20122012_11_01HA
458,AGV99109A_Boston_DOA2-106_20122012_11_14HA
459,AHL97865A_Boston_YGA_01164_20132013_01_10HA
460,AGQ16340A_Alaska_3409_20132013_03_11HA
461,AHL95260A_Boston_YGA_00030_20132013_01_04HA
462,AHL95626A_Boston_YGA_00061_20132013_02_06HA
463,AGW00757A_Boston_DOA2-133_20122012_12_20HA
464,AGW01535A_Boston_DOA2-176_20132013_01_02HA
465,AHL98949A_Boston_YGA_02053_20132013_02_12HA
466,AGW01244A_Boston_DOA2-150_20132013_01_05HA
467,AHL96092A_Boston_YGA_01006_20122012_12_20HA
468,AHL98236A_Boston_YGA_01198_20132013_01_28HA
469,AGW01941A_Boston_DOA2-222_20122012_12_28HA
470,AHL97853A_Boston_YGA_01163_20132013_01_10HA
471,AHL95806A_Boston_YGA_00080_20132013_01_22HA
472,AHL96426A_Boston_YGA_01037_20122012_12_24HA
473,AHL97204A_Boston_YGA_01107_20122012_12_31HA
474,AGW02013A_Boston_DOA2-228_20132013_01_05HA
475,AHL95494A_Boston_YGA_00048_20132013_01_15HA
476,AHL97685A_Boston_YGA_01149_20132013_01_05HA
477,AHL97384A_Boston_YGA_01123_20132013_01_02HA
478,AHL96462A_Boston_YGA_01040_20122012_12_24HA
479,AHL95901A_Boston_YGA_00089_20122012_12_19HA
480,AGW00101A_Boston_DOA2-121_20122012_12_24HA
481,AHL98518A_Boston_YGA_02004_20122012_12_17HA
482,AGW01917A_Boston_DOA2-220_20132013_01_07HA
483,AHL97793A_Boston_YGA_01158_20132013_01_06HA
484,AGW01631A_Boston_DOA2-184_20132013_01_07HA
485,AHL95284A_Boston_YGA_00035_20132013_01_10HA
486,AHL98590A_Boston_YGA_02012_20122012_12_27HA
487,AGW00173A_Boston_DOA2-127_20122012_12_17HA
488,AHL98806A_Boston_YGA_02035_20132013_01_16HA
489,AHL97072A_Boston_YGA_01096_20122012_12_30HA
490,AHL96604A_Boston_YGA_01052_20122012_12_26HA
491,AHL97192A_Boston_YGA_01106_20122012_12_31HA
492,AHL96497A_Boston_YGA_01043_20122012_12_25HA
493,AHA38546A_Quebec_13_20132013_01_22HA
494,AHL96056A_Boston_YGA_01003_20122012_12_19HA
495,AHL97841A_Boston_YGA_01162_20132013_01_07HA
496,AHL96330A_Boston_YGA_01027_20122012_12_23HA
497,AHL96152A_Boston_YGA_01012_20122012_12_21HA
498,AHL97312A_Boston_YGA_01116_20132013_01_01HA
499,AHL97805A_Boston_YGA_01159_20132013_01_06HA
500,AHL97601A_Boston_YGA_01142_20132013_01_04HA
501,AHL95032A_Boston_YGA_00007_20122012_12_18HA
502,AHL96304A_Boston_YGA_01025_20122012_12_22HA
503,AHL97276A_Boston_YGA_01113_20132013_01_01HA
504,AGV99169A_Boston_DOA2-111_20122012_12_02HA
505,AGW01475A_Boston_DOA2-171_20122012_12_29HA
506,AGW02037A_Boston_DOA2-230_20132013_01_17HA
507,AGW01595A_Boston_DOA2-181_20132013_01_18HA
508,AHZ95900A_Connecticut_Flu014_20122012_12_30HA
509,AGW01583A_Boston_DOA2-180_20132013_01_13HA
510,AGW01679A_Boston_DOA2-189_20132013_01_14HA
511,AGW01571A_Boston_DOA2-179_20132013_01_15HA
512,AGW00709A_Boston_DOA2-129_20122012_12_18HA
513,AHL97168A_Boston_YGA_01104_20122012_12_31HA
514,AHL97769A_Boston_YGA_01156_20132013_01_05HA
515,AHL96688A_Boston_YGA_01060_20122012_12_26HA
516,AGW02085A_Boston_DOA2-236_20132013_01_10HA
517,AGZ60395A_Massachusetts_06_20132013_02_12HA
518,AGW02073A_Boston_DOA2-235_20132013_01_07HA
519,AHL97144A_Boston_YGA_01102_20122012_12_31HA
520,AGW01343A_Boston_DOA2-157_20132013_01_09HA
521,AGW01667A_Boston_DOA2-187_20132013_01_16HA
522,AHL97012A_Boston_YGA_01090_20122012_12_29HA
523,AHL95200A_Boston_YGA_00024_20132013_01_03HA
524,AGW01989A_Boston_DOA2-226_20132013_01_05HA
525,AHL97240A_Boston_YGA_01110_20122012_12_31HA
526,AHL97493A_Boston_YGA_01132_20132013_01_03HA
527,AHL96712A_Boston_YGA_01062_20122012_12_27HA
528,AGW01869A_Boston_DOA2-215_20132013_01_15HA
529,AGL09732A_Massachusetts_3162_20132013_01_07HA
530,AHL98009A_Boston_YGA_01176_20132013_01_18HA
531,AHL97757A_Boston_YGA_01155_20132013_01_06HA
532,AHL96700A_Boston_YGA_01061_20122012_12_26HA
533,AHL96260A_Boston_YGA_01023_20122012_12_22HA
534,AHL96616A_Boston_YGA_01053_20122012_12_26HA
535,AHL96176A_Boston_YGA_01014_20122012_12_21HA
536,AHL95482A_Boston_YGA_00047_20132013_01_15HA
537,AGW00721A_Boston_DOA2-130_20122012_12_18HA
538,AHL96164A_Boston_YGA_01013_20122012_12_21HA
539,AGW00733A_Boston_DOA2-131_20122012_12_19HA
540,AHL98331A_Boston_YGA_01206_20132013_02_07HA
541,AHZ40381A_Houston_JMM_112_20132013_01_04HA
542,AHZ65528A_Ontario_C7065-9_20132013_03_19HA
543,AHZ65529A_Ontario_C8308-10_20132013_03_25HA
544,AGZ61541A_Iowa_01_20132013_01_04HA
545,AHA38548A_Quebec_18_20132013_01_28HA
546,AHB73562A_SouthCarolina_NHRC392733_20132013_01_24HA
547,AIJ10754A_Hangzhou_A121_20132013_02_17HA
548,AHA38550A_Quebec_20_20132013_01_29HA
549,AGZ60769A_NewJersey_03_20132013_03_11HA
550,AHL98482A_Boston_YGA_02001_20122012_12_06HA
551,AGW00149A_Boston_DOA2-125_20122012_12_26HA
552,AHA98430A_Helsinki_991_20132013_03_02HA
553,ALM05989A_MexicoCity_1514A00905321T_20132013_02_26HA
554,AHL98758A_Boston_YGA_02031_20132013_01_14HA
555,AHL98734A_Boston_YGA_02026_20132013_01_09HA
556,AHL97985A_Boston_YGA_01174_20132013_01_17HA
557,AHL95973A_Boston_YGA_00095_20132013_02_02HA
558,AHL98794A_Boston_YGA_02034_20132013_01_16HA
559,AGL09812A_Texas_3246_20132013_01_02HA
560,AHB73536A_SouthCarolina_NHRC390672_20132013_01_09HA
561,AHL96533A_Boston_YGA_01046_20122012_12_25HA
562,AGL09819A_Virginia_3253_20122012_12_19HA
563,AGL09800A_NorthCarolina_3234_20122012_12_27HA
564,AGL09752A_Georgia_3186_20132013_01_04HA
565,AGZ61169A_Oklahoma_03_20132013_01_04HA
566,AGQ16343A_SouthCarolina_3412_20132013_03_29HA
567,AGZ61498A_NewMexico_24_20122012_12_10HA
568,AHZ65522A_Ontario_C0982-3_20132013_01_14HA
569,AGZ60489A_Texas_09_20132013_03_04HA
570,AGZ60770A_NorthCarolina_06_20132013_03_21HA
571,AGQ16338A_California_3407_20132013_03_07HA
572,AHZ65527A_Ontario_C6633-8_20132013_03_16HA
573,ALG00492A_Wisconsin_56_20122012_12_26HA
574,AHL98295A_Boston_YGA_01203_20132013_02_05HA
575,AHB73569A_Ontario_038_20132013_02_19HA
576,AGZ60433A_NewJersey_04_20122012_11_19HA
577,AGW01643A_Boston_DOA2-185_20132013_01_06HA
578,AGZ60540A_NewJersey_08_20122012_11_28HA
579,AGG13615A_Texas_JMM_22_20122012_11_25HA
580,AHM00061A_Chicago_YGA_04015_20122012_12_06HA
581,AHM00794A_Chicago_YGA_04133_20132013_01_02HA
582,AIE53120A_Santiago_op20d1_20122012_11_08HA
583,AHM00842A_Chicago_YGA_04142_20132013_01_04HA
584,AIK26606A_Mississippi_41_20122012_11_15HA
585,AGB97300A_Japan_3060_20122012_10_17HA
586,BAT21777A_Kagawa_54-164_20132013_01_09HA
587,AJJ98981A_Thailand_PY12558_20132013_02_11HA
588,BAT21772A_Gifu_75-115_20132013_01_07HA
589,BAT21773A_Gifu_58-514_20132013_01_31HA
590,BAT21757A_Kanagawa_64-271_20132013_01_16HA
591,BAT21776A_Tokyo_51-70_20122012_12_27HA
592,BAT21775A_Tokyo_66-471v_20132013_01_26HA
593,BAT21774A_Hyogo_71-310_20132013_01_16HA
594,BAM99169A_Hokkaido_30-1-a_20132013_01_11HA
595,BAT21779A_Fukuoka_68-550_20132013_02_15HA
596,BAT21778A_Tokyo_63-249_20132013_01_15HA
597,BAT21780A_Tokyo_74-3-94v_20132013_01_07HA
598,AHZ40734A_Houston_JMM_145_20132013_01_14HA
599,AHL99033A_SantaClara_YGA_03004_20132013_01_30HA
600,AGG13627A_Texas_JMM_23_20122012_11_25HA
601,AHZ40249A_Houston_JMM_101_20132013_01_01HA
602,AGG13939A_Texas_JMM_51_20122012_12_06HA
603,AGL09804A_Oklahoma_3238_20132013_01_07HA
604,AGM16034A_Tunisia_2494_20132013_01_29HA
605,AHZ40142A_Houston_JMM_91_20122012_12_22HA
606,AGG13591A_Texas_JMM_20_20122012_11_25HA
607,AGG13579A_Texas_JMM_19_20122012_11_25HA
608,AHB73544A_Illinois_NHRC392189_20132013_01_28HA
609,AHD25220A_California_NHRC384259_20132013_01_08HA
610,AHM00049A_Chicago_YGA_04014_20122012_12_05HA
611,AHM00567A_Chicago_YGA_04112_20122012_12_28HA
612,AHM00854A_Chicago_YGA_04149_20132013_01_07HA
613,AHM00866A_Chicago_YGA_04150_20132013_01_07HA
614,AHZ40009A_Houston_JMM_79_20122012_12_17HA
615,AHL98081A_Boston_YGA_01183_20132013_01_21HA
616,ALM05988A_MexicoCity_1514A00905315N_20132013_03_11HA
617,ALM05987A_MexicoCity_1514A00905313N_20132013_03_12HA
618,AHL99820A_SantaClara_YGA_03072_20132013_02_01HA
619,AJE62878A_Thailand_CU-B7483_20132013_01_19HA
620,AJE62883A_Thailand_CU-B7755_20132013_03_06HA
621,AJE62880A_Thailand_CU-B7585_20132013_02_02HA
622,ALX27819A_Cambodia_W1023355_20122012_10_18HA
623,AGZ61017A_NewMexico_09_20132013_03_22HA
624,AHA98442A_Helsinki_951_20132013_03_01HA
625,AHA98498A_Helsinki_824_20132013_02_21HA
626,AHA98453A_Helsinki_942_20132013_02_27HA
627,AHA98464A_Helsinki_941_20132013_02_27HA
628,AHA98475A_Helsinki_897_20132013_02_26HA
629,AHA98531A_Helsinki_716_20132013_02_16HA
630,AHA98520A_Helsinki_798_20132013_02_20HA
631,AHA98509A_Helsinki_823_20132013_02_21HA
632,AGL09754A_Guam_3188_20122012_12_12HA
633,AGZ61126A_Colorado_18_20122012_10_13HA
634,AGZ60423A_NorthCarolina_24_20122012_11_15HA
635,AGZ61259A_Colorado_18_20122012_10_13HA
636,AKJ80301A_Wisconsin_V130176_20122012_12_01HA
637,AKJ80304A_Wisconsin_V130286_20122012_12_01HA
638,AHZ40130A_Houston_JMM_90_20122012_12_22HA
639,AHL98638A_Boston_YGA_02017_20122012_12_31HA
640,AHL99261A_SantaClara_YGA_03023_20132013_01_29HA
641,ALM05994A_Kabul_1514A01305426N_20132013_01_13HA
642,ALM05995A_Kabul_1514A01305429N_20132013_01_10HA
643,ALM05997A_Kabul_1514A01305435T_20132013_01_10HA
644,ALM05996A_Kabul_1514A01305430N_20132013_01_07HA
645,ALM05993A_Kabul_1514A01305424T_20132013_01_16HA
646,AHB73553A_California_NHRC395507_20132013_02_14HA
647,AGZ61309A_Indiana_162_20122012_11_08HA
648,AGZ60419A_Indiana_164_20122012_11_14HA
649,AGL09745A_Florida_3175_20132013_01_02HA
650,AHD25308A_Delhi_9971_20122012_12_07HA
651,AHD25307A_Haryana_9932_20122012_11_20HA
652,AHD25305A_Chhattisgarh_9873_20122012_10_26HA
653,AHD25306A_Delhi_9874_20122012_10_29HA
654,AHB73576A_Ontario_018_20132013_01_18HA
655,ALM06008A_Budapest_1514A07805419T_20132013_02_05HA
656,ALM06009A_Budapest_1514A07805832T_20132013_02_06HA
657,AHB73581A_Ontario_015_20132013_01_10HA
658,AHB73570A_Ontario_028_20132013_01_29HA
659,AHM00419A_Chicago_YGA_04096_20122012_12_26HA
660,AHB73574A_Ontario_021_20132013_01_22HA
661,AGZ60376A_Nevada_04_20132013_02_04HA
662,AGD98953A_Ontario_030_20122012_12_28HA
663,AHZ40583A_Houston_JMM_130_20132013_01_09HA
664,AGD98961A_Ontario_006_20132013_01_04HA
665,AHB73577A_Ontario_017_20132013_01_11HA
666,AHZ42666A_Houston_JMM_157_20132013_01_30HA
667,AHZ95898A_Missouri_Flu012_20122012_12_30HA
668,AGW01499A_Boston_DOA2-173_20132013_01_06HA
669,AGD98957A_Ontario_002_20132013_01_02HA
670,AHB73580A_Ontario_013_20132013_01_15HA
671,ALG00442A_Michigan_26_20132013_01_28HA
672,AJE62879A_Thailand_CU-B7536_20132013_01_28HA
673,AJE62877A_Thailand_CU-B7418_20132013_01_09HA
674,AGF44921A_Ohio_3107_20122012_12_04HA
675,AHB73542A_Arizona_NHRC394047_20132013_01_06HA
676,AHZ39985A_Houston_JMM_77_20122012_12_16HA
677,AGW02109A_Boston_DOA2-239_20132013_01_09HA
678,AHL97613A_Boston_YGA_01143_20132013_01_04HA
679,AHL95734A_Boston_YGA_00073_20132013_01_18HA
680,AGZ61667A_Idaho_01_20132013_01_04HA
681,AGF44914A_SouthDakota_3100_20122012_12_13HA
682,AGZ60706A_SouthDakota_12_20122012_10_29HA
683,AGZ61053A_SouthDakota_15_20122012_10_30HA
684,AGZ60702A_SouthDakota_14_20122012_10_29HA
685,AGZ61580A_Wyoming_20_20122012_11_05HA
686,AGZ60681A_SouthDakota_12_20122012_10_29HA
687,AGZ60561A_SouthDakota_10_20122012_10_12HA
688,AHL99285A_SantaClara_YGA_03025_20132013_01_08HA
689,AGZ60673A_Ohio_102_20122012_11_16HA
690,AGW00853A_Boston_DOA2-143_20122012_12_18HA
691,AGW01845A_Boston_DOA2-213_20132013_01_22HA
692,AGL09832A_Washington_3266_20132013_01_07HA
693,AHL97517A_Boston_YGA_01134_20132013_01_03HA
694,AHL97396A_Boston_YGA_01124_20132013_01_02HA
695,AGZ60505A_Idaho_02_20132013_01_15HA
696,AGZ61239A_Michigan_25_20122012_10_02HA
697,AGZ61418A_NewMexico_23_20122012_12_08HA
698,AGZ60616A_NorthCarolina_05_20132013_03_07HA
699,AGG13867A_Texas_JMM_45_20122012_12_03HA
700,AHL98021A_Boston_YGA_01177_20132013_01_19HA
701,AGZ61154A_Missouri_04_20132013_03_15HA
702,AGZ60607A_Ohio_97_20122012_12_09HA
703,AHL97937A_Boston_YGA_01170_20132013_01_13HA
704,AHL95925A_Boston_YGA_00091_20132013_02_04HA
705,AHE37987A_Georgia_3436_20132013_01_24HA
706,AGZ60450A_WestVirginia_20_20122012_11_20HA
707,APC60130A_WestVirginia_20_20122012_11_20HA
708,AGZ60589A_Missouri_04_20132013_03_15HA
709,AHM00144A_Chicago_YGA_04037_20122012_12_13HA
710,AHL98069A_Boston_YGA_01182_20132013_01_21HA
711,AHL96485A_Boston_YGA_01042_20122012_12_25HA
712,AHL98057A_Boston_YGA_01181_20132013_01_20HA
713,AHL98045A_Boston_YGA_01180_20132013_01_20HA
714,AGW02145A_Boston_DOA2-242_20132013_01_04HA
715,AHL96640A_Boston_YGA_01055_20122012_12_26HA
716,AHL99081A_SantaClara_YGA_03008_20132013_01_23HA
717,AHL96104A_Boston_YGA_01008_20122012_12_20HA
718,AGW01295A_Boston_DOA2-153_20132013_01_18HA
719,AHL98390A_Boston_YGA_01212_20132013_02_20HA
720,AHL99546A_SantaClara_YGA_03048_20132013_01_18HA
721,AHL98093A_Boston_YGA_01184_20132013_01_21HA
722,AHL97913A_Boston_YGA_01168_20132013_01_11HA
723,AGZ61663A_California_11_20132013_01_24HA
724,AHL96988A_Boston_YGA_01088_20122012_12_29HA
725,AGW01773A_Boston_DOA2-202_20132013_01_11HA
726,AHZ95896A_Connecticut_Flu008_20122012_12_30HA
727,AGW00913A_Boston_DOA2-148_20132013_01_08HA
728,AGW00089A_Boston_DOA2-120_20122012_12_24HA
729,AHL95140A_Boston_YGA_00017_20122012_12_29HA
730,AHL98602A_Boston_YGA_02013_20122012_12_27HA
731,AGV99085A_Boston_DOA2-104_20122012_12_22HA
732,AHL95224A_Boston_YGA_00026_20132013_01_03HA
733,AGZ61589A_SouthDakota_01_20132013_02_01HA
734,AHD25235A_Illinois_NHRC384214_20122012_12_21HA
735,AHZ95895A_Connecticut_Flu007_20122012_12_30HA
736,AGL09882A_Florida_3180_20132013_01_07HA
737,AHL96274A_Boston_YGA_01024_20122012_12_23HA
738,AHL98224A_Boston_YGA_01197_20132013_01_28HA
739,AGL09821A_Virginia_3255_20132013_01_03HA
740,AHL96545A_Boston_YGA_01047_20122012_12_25HA
741,AHL98686A_Boston_YGA_02022_20132013_01_07HA
742,AHL95830A_Boston_YGA_00082_20132013_01_23HA
743,AHL96820A_Boston_YGA_01072_20122012_12_27HA
744,AGW01725A_Boston_DOA2-194_20132013_01_17HA
745,AGW01713A_Boston_DOA2-192_20132013_01_01HA
746,AGL09811A_SouthDakota_3245_20122012_12_12HA
747,AGZ61269A_Iowa_13_20122012_10_03HA
748,AHL98260A_Boston_YGA_01200_20132013_02_01HA
749,AGW01701A_Boston_DOA2-191_20132013_01_02HA
750,AHL96628A_Boston_YGA_01054_20122012_12_26HA
751,AHL95056A_Boston_YGA_00009_20122012_12_20HA
752,AHL98212A_Boston_YGA_01196_20132013_01_24HA
753,AGZ60621A_Vermont_19_20122012_12_10HA
754,AHL96748A_Boston_YGA_01065_20122012_12_27HA
755,AHL96212A_Boston_YGA_01017_20122012_12_21HA
756,AGF44906A_Florida_3092_20122012_12_04HA
757,AHL98866A_Boston_YGA_02041_20132013_01_21HA
758,AGW01797A_Boston_DOA2-206_20132013_01_18HA
759,AGW00865A_Boston_DOA2-144_20132013_01_16HA
760,AGW01307A_Boston_DOA2-154_20132013_01_16HA
761,AHL97745A_Boston_YGA_01154_20132013_01_06HA
762,AHL96808A_Boston_YGA_01071_20122012_12_27HA
763,AHL96880A_Boston_YGA_01077_20122012_12_28HA
764,AGW02025A_Boston_DOA2-229_20132013_01_11HA
765,AHL98378A_Boston_YGA_01210_20132013_02_13HA
766,AHL98818A_Boston_YGA_02036_20132013_01_17HA
767,AGZ60562A_Nebraska_11_20122012_11_26HA
768,AHL97661A_Boston_YGA_01147_20132013_01_05HA
769,AHL95457A_Boston_YGA_00045_20132013_01_13HA
770,AHL96928A_Boston_YGA_01082_20122012_12_28HA
771,AHL98366A_Boston_YGA_01209_20132013_02_11HA
772,AHB73568A_California_NHRC393788_20132013_01_24HA
773,AGW00901A_Boston_DOA2-147_20122012_12_30HA
774,AHL95319A_Boston_YGA_00039_20132013_01_11HA
775,AHL96916A_Boston_YGA_01081_20122012_12_28HA
776,AGZ60928A_Ohio_01_20132013_01_14HA
777,AGZ60748A_Washington_62_20122012_12_01HA
778,AHL96068A_Boston_YGA_01004_20122012_12_20HA
779,AHL98925A_Boston_YGA_02049_20132013_01_31HA
780,AGZ60371A_California_13_20132013_01_22HA
781,AGZ61056A_California_46_20122012_11_02HA
782,AHL98842A_Boston_YGA_02039_20132013_01_19HA
783,AGZ61167A_NewYork_03_20132013_01_02HA
784,AHL96940A_Boston_YGA_01083_20122012_12_28HA
785,AGF44913A_SouthCarolina_3099_20122012_12_12HA
786,AHL96390A_Boston_YGA_01033_20122012_12_24HA
787,AGW01547A_Boston_DOA2-177_20132013_01_07HA
788,AHL96128A_Boston_YGA_01010_20122012_12_20HA
789,AHL95432A_Boston_YGA_00043_20132013_01_12HA
790,AHL97649A_Boston_YGA_01146_20132013_01_05HA
791,AHZ39877A_Houston_JMM_68_20122012_12_13HA
792,AHL95236A_Boston_YGA_00027_20132013_01_03HA
793,AHL98854A_Boston_YGA_02040_20132013_01_20HA
794,AJE62881A_Thailand_CU-B7596_20132013_02_08HA
795,AGZ61650A_Kansas_11_20122012_11_05HA
796,AGW01415A_Boston_DOA2-166_20132013_01_04HA
797,AKJ80341A_Rochester_0055_20122012_12_12HA
798,AKJ80339A_Rochester_0055_20122012_12_12HA
799,AJE62876A_Thailand_CU-B7367_20122012_12_22HA
800,AHZ40465A_Houston_JMM_120_20132013_01_08HA
801,AHB73558A_SouthCarolina_NHRC395492_20132013_02_06HA
802,AIT92493A_Connecticut_Flu099_20132013_01_03HA
803,AIG44803A_Singapore_H2013.181_20132013_03_07HA
804,AJJ99065A_Thailand_KS10532_20132013_02_08HA
805,AMB72387A_Singapore_H2013.238_20132013_03_28HA
806,AJJ99053A_Thailand_KS10537_20132013_02_19HA
807,AGQ16333A_Korea_3402_20132013_02_20HA
808,AGQ16341A_Korea_3410_20132013_03_16HA
809,AGZ61034A_Nevada_05_20132013_03_25HA
810,AJE62884A_Thailand_CU-B7765_20132013_03_18HA
811,AGG13543A_Texas_JMM_16_20122012_11_24HA
812,AIK26600A_Mississippi_27_20132013_01_14HA
813,AHL95590A_Boston_YGA_00056_20132013_02_01HA
814,ALG00502A_Wisconsin_47_20132013_01_15HA
815,AGQ16329A_Michigan_3398_20132013_01_16HA
816,AHL97288A_Boston_YGA_01114_20132013_01_01HA
817,AGF44901A_NewYork_3087_20122012_12_06HA
818,AGF44904A_NewYork_3090_20122012_12_06HA
819,AGF44910A_NewYork_3096_20122012_12_10HA
820,AGF44912A_NewYork_3098_20122012_12_13HA
821,AGF44902A_NewYork_3088_20122012_12_06HA
822,AGF44909A_NewYork_3095_20122012_12_10HA
823,AGF44903A_NewYork_3089_20122012_12_06HA
824,AHL95554A_Boston_YGA_00053_20132013_01_21HA
825,AKJ80355A_Rochester_0090_20132013_02_13HA
826,AKJ80357A_Rochester_0091_20132013_02_19HA
827,AKJ80351A_Rochester_0090_20132013_02_13HA
828,AKJ80360A_Rochester_0091_20132013_02_19HA
829,AHL95746A_Boston_YGA_00074_20132013_01_18HA
830,AGL09791A_NewYork_3225_20122012_12_11HA
831,AHL97468A_Boston_YGA_01130_20132013_01_02HA
832,AHL97625A_Boston_YGA_01144_20132013_01_04HA
833,AHL97360A_Boston_YGA_01121_20132013_01_02HA
834,AHL98770A_Boston_YGA_02032_20132013_01_14HA
835,AHL99582A_SantaClara_YGA_03052_20132013_01_25HA
836,AHL99402A_SantaClara_YGA_03035_20132013_01_17HA
837,AHL99892A_SantaClara_YGA_03078_20132013_01_22HA
838,AGZ60832A_Maine_11_20122012_12_12HA
839,AGZ60696A_Michigan_32_20122012_11_18HA
840,AHL99725A_SantaClara_YGA_03064_20132013_01_25HA
841,AGZ60511A_Mississippi_02_20132013_01_11HA
842,AHL99748A_SantaClara_YGA_03066_20132013_01_27HA
843,AIT92486A_Connecticut_Flu051_20122012_12_30HA
844,AHZ95893A_Connecticut_Flu004_20122012_12_30HA
845,AGL09782A_NewYork_3216_20132013_01_07HA
846,AHZ95906A_Connecticut_Flu026_20122012_12_28HA
847,AIT92511A_Connecticut_Flu068_20122012_12_29HA
848,AGZ61673A_California_12_20132013_01_29HA
849,AHL97264A_Boston_YGA_01112_20132013_01_01HA
850,AHZ42808A_Houston_JMM_170_20132013_01_22HA
851,AHZ42843A_Houston_JMM_174_20132013_01_20HA
852,AGZ61432A_DistrictOfColumbia_01_20122012_12_17HA
853,AIK26602A_Mississippi_33_20132013_01_23HA
854,AIK26591A_Mississippi_32_20132013_01_22HA
855,AHB73571A_Ontario_023_20132013_01_24HA
856,ALG00444A_Michigan_27_20132013_01_26HA
857,AHM00758A_Chicago_YGA_04130_20132013_01_01HA
858,AHL98152A_Boston_YGA_01191_20132013_01_23HA
859,AKJ80293A_Wisconsin_U131221_20132013_02_01HA
860,AHL99105A_SantaClara_YGA_03010_20132013_01_13HA
861,AHL99390A_SantaClara_YGA_03034_20132013_01_17HA
862,AGQ16332A_Oklahoma_3401_20132013_02_01HA
863,AHM00001A_Chicago_YGA_04010_20122012_12_02HA
864,AHM00443A_Chicago_YGA_04098_20122012_12_27HA
865,AGZ60542A_Missouri_13_20122012_11_26HA
866,AGZ61571A_Wisconsin_41_20122012_11_06HA
867,AGZ61537A_Wisconsin_05_20132013_01_24HA
868,AKJ80309A_Wisconsin_V130651_20132013_01_01HA
869,AHL99832A_SantaClara_YGA_03073_20132013_01_07HA
870,ALG00490A_Wisconsin_51_20132013_01_14HA
871,AKJ80273A_Wisconsin_U130653_20132013_01_01HA
872,AKJ80268A_Wisconsin_U130506_20132013_01_01HA
873,AGO02698A_SaoPaulo_11079_20132013_02_21HA
874,AGZ61478A_Ohio_92_20122012_11_08HA
875,AGZ61464A_Mississippi_01_20132013_01_08HA
876,AHL99677A_SantaClara_YGA_03060_20132013_01_06HA
877,AIK26599A_Mississippi_20_20132013_01_09HA
878,AHL99009A_SantaClara_YGA_03002_20132013_01_23HA
879,AHB73518A_California_NHRC395308_20132013_02_13HA
880,AHM00180A_Chicago_YGA_04046_20122012_12_17HA
881,AHM00288A_Chicago_YGA_04066_20122012_12_19HA
882,AGZ60956A_Oregon_01_20132013_01_11HA
883,AGQ16330A_Florida_3399_20132013_01_24HA
884,AKJ80326A_Wisconsin_V131305_20132013_02_01HA
885,AHZ95913A_Connecticut_Flu038_20122012_12_27HA
886,AHZ95912A_Connecticut_Flu037_20122012_12_29HA
887,AKJ80276A_Wisconsin_U130728_20132013_01_01HA
888,AHB73564A_Japan_NHRC399384_20132013_02_06HA
889,AKJ80313A_Wisconsin_V130747_20132013_01_01HA
890,AGW02169A_Boston_DOA2-244_20132013_01_28HA
891,AGW01439A_Boston_DOA2-168_20122012_12_18HA
892,AGZ61615A_NewMexico_04_20132013_01_16HA
893,AGZ60927A_Illinois_01_20132013_01_08HA
894,ALH38102A_Texas_24_20132013_01_17HA
895,AHM00603A_Chicago_YGA_04115_20122012_12_28HA
896,AGZ61023A_Michigan_03_20132013_03_28HA
897,AGZ60632A_Minnesota_03_20132013_03_06HA
898,AHL98402A_Boston_YGA_01213_20132013_02_21HA
899,AHM00515A_Chicago_YGA_04106_20122012_12_28HA
900,AHM00615A_Chicago_YGA_04117_20122012_12_29HA
901,AHM00926A_Chicago_YGA_04187_20132013_01_16HA
902,AGZ60731A_Illinois_15_20122012_12_18HA
903,AGZ61290A_NorthDakota_05_20122012_10_19HA
904,AGL09802A_NorthCarolina_3236_20122012_12_18HA
905,AGL09801A_NorthCarolina_3235_20132013_01_08HA
906,AGZ61071A_Colorado_01_20132013_01_01HA
907,AHM00407A_Chicago_YGA_04095_20122012_12_26HA
908,AGF44900A_Colorado_3086_20122012_12_04HA
909,AHZ42713A_Houston_JMM_161_20132013_01_23HA
910,AHZ40033A_Houston_JMM_81_20122012_12_18HA
911,AHZ42903A_Houston_JMM_179_20132013_02_05HA
912,AGW02121A_Boston_DOA2-240_20132013_01_08HA
913,AHZ42796A_Houston_JMM_169_20132013_01_30HA
914,AHM00073A_Chicago_YGA_04017_20122012_12_07HA
915,AHM00914A_Chicago_YGA_04184_20132013_01_14HA
916,AHL99117A_SantaClara_YGA_03011_20132013_01_08HA
917,AHM00527A_Chicago_YGA_04107_20122012_12_28HA
918,AHM00431A_Chicago_YGA_04097_20122012_12_26HA
919,AGZ60479A_Kansas_02_20132013_02_05HA
920,AHZ42855A_Houston_JMM_175_20132013_01_14HA
921,AKJ80292A_Wisconsin_U131171_20132013_02_01HA
922,AIT92513A_Connecticut_Flu085_20122012_12_31HA
923,AHM00627A_Chicago_YGA_04118_20122012_12_29HA
924,AHL98116A_Boston_YGA_01186_20132013_01_21HA
925,AHL99808A_SantaClara_YGA_03071_20132013_02_01HA
926,AHM00950A_Chicago_YGA_04193_20132013_01_19HA
927,AGZ60660A_Nevada_28_20122012_12_10HA
928,AGF44905A_NewYork_3091_20122012_12_06HA
929,AHL99189A_SantaClara_YGA_03017_20132013_01_09HA
930,AHL99629A_SantaClara_YGA_03056_20132013_01_24HA
931,AGZ60469A_Connecticut_01_20132013_02_01HA
932,AGZ61433A_Pennsylvania_02_20132013_01_10HA
933,AGZ61622A_Louisiana_01_20132013_01_20HA
934,AKJ80323A_Wisconsin_V131184_20132013_02_01HA
935,AHM00013A_Chicago_YGA_04011_20122012_12_02HA
936,AHZ42879A_Houston_JMM_177_20132013_01_15HA
937,AHL99760A_SantaClara_YGA_03067_20122012_12_28HA
938,ALG00481A_Wisconsin_56_20132013_02_04HA
939,AKJ80290A_Wisconsin_U131155_20132013_02_01HA
940,AGL09739A_DistrictofColombia_3169_20132013_01_04HA
941,AGZ60861A_California_14_20132013_01_29HA
942,AGZ61041A_Kansas_01_20132013_01_04HA
943,AHM00878A_Chicago_YGA_04164_20132013_01_09HA
944,AHD25196A_Illinois_NHRC383545_20122012_12_14HA
945,AGZ60633A_Tennessee_02_20132013_02_22HA
946,AGW01427A_Boston_DOA2-167_20122012_12_31HA
947,AKJ80280A_Wisconsin_U130780_20132013_01_01HA
948,AGW01737A_Boston_DOA2-196_20132013_01_23HA
949,AIK26601A_Mississippi_29_20132013_01_17HA
950,AHM00722A_Chicago_YGA_04127_20132013_01_01HA
951,AIK26595A_Mississippi_3_20132013_01_04HA
952,AHM00579A_Chicago_YGA_04113_20122012_12_28HA
953,AIT92505A_Connecticut_Flu178_20132013_01_31HA
954,AHZ40572A_Houston_JMM_129_20132013_01_09HA
955,AGF44895A_Florida_3081_20122012_11_26HA
956,AHL98188A_Boston_YGA_01194_20132013_01_24HA
957,AGL09748A_Florida_3178_20132013_01_04HA
958,ALG00460A_Wisconsin_55_20122012_12_20HA
959,AGZ60521A_Oregon_01_20132013_01_11HA
960,AKJ80266A_Wisconsin_U130482_20132013_01_01HA
961,AHL99522A_SantaClara_YGA_03046_20132013_02_02HA
962,AGW01929A_Boston_DOA2-221_20132013_01_23HA
963,ALG00461A_Wisconsin_49_20132013_02_08HA
964,AHZ95911A_Connecticut_Flu036_20122012_12_29HA
965,AHZ40650A_Houston_JMM_136_20132013_01_11HA
966,AHM00300A_Chicago_YGA_04081_20122012_12_24HA
967,ALG00483A_Wisconsin_52_20132013_01_16HA
968,AGL09770A_NewJersey_3204_20132013_01_03HA
969,AHM00734A_Chicago_YGA_04128_20132013_01_01HA
970,AHL99129A_SantaClara_YGA_03012_20132013_01_21HA
971,AHZ40261A_Houston_JMM_102_20132013_01_01HA
972,AHM00228A_Chicago_YGA_04054_20122012_12_18HA
973,AHM00639A_Chicago_YGA_04119_20122012_12_29HA
974,AKJ80299A_Wisconsin_V130083_20122012_12_01HA
975,AKJ80291A_Wisconsin_U131166_20132013_02_01HA
976,AGZ60486A_Louisiana_02_20132013_02_19HA
977,AHB73545A_California_NHRC392775_20132013_02_04HA
978,AHM00710A_Chicago_YGA_04126_20122012_12_31HA
979,AHL99689A_SantaClara_YGA_03061_20132013_02_04HA
980,AKJ80320A_Wisconsin_V131150_20132013_02_01HA
981,AKJ80310A_Wisconsin_V130659_20132013_01_01HA
982,AHL99093A_SantaClara_YGA_03009_20132013_01_23HA
983,AHB73533A_Illinois_NHRC391763_20132013_01_17HA
984,AHM00240A_Chicago_YGA_04055_20122012_12_18HA
985,AHM00264A_Chicago_YGA_04064_20122012_12_18HA
986,AGO02699A_MatoGrossodoSul_13986_20132013_03_05HA
987,AHM00168A_Chicago_YGA_04039_20122012_12_15HA
988,AKJ80289A_Wisconsin_U131146_20132013_02_01HA
989,AGL09744A_Florida_3174_20122012_12_27HA
990,AHL98878A_Boston_YGA_02042_20132013_01_22HA
991,AKJ80262A_Wisconsin_U130164_20122012_12_01HA
992,AKJ80314A_Wisconsin_V130755_20132013_01_01HA
993,AHM00252A_Chicago_YGA_04056_20122012_12_18HA
994,AKJ80321A_Wisconsin_V131159_20132013_02_01HA
995,AHM00085A_Chicago_YGA_04018_20122012_12_07HA
996,AGZ61199A_Wisconsin_38_20122012_11_01HA
997,AHM00503A_Chicago_YGA_04105_20122012_12_27HA
998,AGW00889A_Boston_DOA2-146_20132013_01_20HA
999,AKJ80312A_Wisconsin_V130744_20132013_01_01HA
1000,AHM00555A_Chicago_YGA_04111_20122012_12_28HA
1001,AHL99952A_Chicago_YGA_04006_20122012_11_27HA
1002,AHZ42678A_Houston_JMM_158_20132013_02_01HA
1003,AHL99558A_SantaClara_YGA_03049_20122012_12_23HA
1004,AHB73531A_Illinois_NHRC392712_20132013_01_23HA
1005,AKJ80327A_Wisconsin_V131329_20132013_02_01HA
1006,AGL09765A_Nebraska_3199_20132013_01_10HA
1007,AHL98140A_Boston_YGA_01190_20132013_01_23HA
1008,AGF44894A_SouthCarolina_3080_20122012_11_26HA
1009,AHL99510A_SantaClara_YGA_03045_20132013_02_02HA
1010,AHB73527A_Illinois_NHRC394053_20132013_02_13HA
1011,AGW01953A_Boston_DOA2-223_20122012_12_30HA
1012,AIT92512A_Connecticut_Flu074_20122012_12_29HA
1013,AGZ60496A_Vermont_02_20132013_02_19HA
1014,BAT21781A_Ishikawa_91-262v_20132013_01_15HA
1015,AHL97529A_Boston_YGA_01135_20132013_01_03HA
1016,AHL99438A_SantaClara_YGA_03038_20132013_01_12HA
1017,AHL99201A_SantaClara_YGA_03018_20132013_01_16HA
1018,AIT92504A_Connecticut_Flu169_20132013_01_25HA
1019,AIT92490A_Connecticut_Flu075_20122012_12_30HA
1020,AHL95782A_Boston_YGA_00078_20132013_01_20HA
1021,AGZ61682A_Maryland_33_20122012_11_11HA
1022,AJE62875A_Thailand_CU-B7269_20122012_12_06HA
1023,AHW46734A_Thailand_VIROAF1_20122012_10_05HA
1024,AIC64759A_Thailand_VIROAF1CS_20122012_10_05HA
1025,AJE62873A_Thailand_CU-H3490_20122012_11_15HA
1026,AJE62874A_Thailand_CU-B7235_20122012_11_26HA
1027,AJE62872A_Thailand_CU-B7189_20122012_11_12HA
1028,ALG00503A_Wisconsin_55_20132013_02_20HA
1029,AKJ80296A_Wisconsin_U131392_20132013_02_01HA
1030,AIE52965A_Santiago_p37d0_20122012_10_30HA
1031,AIE53196A_Santiago_p37d3_20122012_11_02HA
1032,AIE52920A_Santiago_p37d1_20122012_10_31HA
1033,AIE52988A_Santiago_p37d2_20122012_11_01HA
1034,AGZ61518A_DistrictOfColumbia_01_20132013_03_27HA
1035,ALG00445A_Michigan_23_20132013_01_12HA
1036,AGZ60464A_Oklahoma_06_20132013_02_05HA
1037,AGZ61170A_NorthCarolina_02_20132013_01_03HA
1038,AGQ16331A_Oklahoma_3400_20132013_01_28HA
1039,AHB73585A_Ontario_025_20132013_01_28HA
1040,AGZ61012A_NewMexico_08_20132013_03_13HA
1041,AHA98487A_Helsinki_879_20132013_02_24HA
1042,AJJ99089A_Thailand_KS10521_20122012_11_16HA
1043,AJJ99077A_Thailand_KS10525_20122012_12_07HA
1044,AHL95080A_Boston_YGA_00011_20122012_12_27HA
1045,AGW01881A_Boston_DOA2-217_20132013_01_15HA
1046,AGW01379A_Boston_DOA2-161_20132013_01_02HA
1047,AGW01691A_Boston_DOA2-190_20132013_01_11HA
1048,AIG44802A_Singapore_S2013.044_20132013_01_16HA
1049,AGL09810A_SouthDakota_3244_20132013_01_07HA
1050,AGD98956A_Ontario_001_20132013_01_02HA
1051,AKJ80271A_Wisconsin_U130593_20132013_01_01HA
1052,AKJ80322A_Wisconsin_V131172_20132013_02_01HA
1053,AKJ80325A_Wisconsin_V131208_20132013_02_01HA
1054,ALG00453A_Wisconsin_50_20132013_03_04HA
1055,AGZ61051A_Texas_01_20132013_01_08HA
1056,ALM05990A_MexicoCity_1514A00905324N_20132013_01_04HA
1057,AGT18799A_Singapore_H2013.060_20132013_01_22HA
1058,AHD25327A_Delhi_1833_20132013_02_20HA
1059,AHD25323A_Delhi_1553_20132013_02_19HA
1060,AHD25321A_Delhi_1549_20132013_02_19HA
1061,AHD25313A_Delhi_764_20132013_02_13HA
1062,AHD25311A_Haryana_706_20132013_02_13HA
1063,AHD25314A_Delhi_1183_20132013_02_16HA
1064,AHD25322A_Delhi_1550_20132013_02_19HA
1065,AHD25312A_Haryana_707_20132013_02_13HA
1066,AHD25310A_Delhi_567_20132013_02_12HA
1067,AHZ40345A_Houston_JMM_109_20132013_01_03HA
1068,AHL96140A_Boston_YGA_01011_20122012_12_21HA
1069,AHL96676A_Boston_YGA_01059_20122012_12_26HA
1070,AHL95248A_Boston_YGA_00028_20132013_01_03HA
1071,AGV99097A_Boston_DOA2-105_20122012_12_21HA
1072,AGW00781A_Boston_DOA2-135_20122012_12_20HA
1073,AGW01905A_Boston_DOA2-219_20122012_12_29HA
1074,AHZ42891A_Houston_JMM_178_20132013_01_15HA
1075,AHZ42584A_Houston_JMM_150_20132013_01_25HA
1076,AHZ42725A_Houston_JMM_162_20132013_01_27HA
1077,AGZ61463A_Utah_02_20132013_01_03HA
1078,ALH38111A_Texas_19_20132013_01_11HA
1079,AHL96569A_Boston_YGA_01049_20122012_12_26HA
1080,AHZ42631A_Houston_JMM_154_20132013_01_22HA
1081,AHZ40560A_Houston_JMM_128_20132013_01_09HA
1082,AHZ40606A_Houston_JMM_132_20132013_01_10HA
1083,AGZ60372A_Pennsylvania_03_20132013_02_20HA
1084,AHL99177A_SantaClara_YGA_03016_20132013_01_17HA
1085,AGW00065A_Boston_DOA2-117_20122012_12_07HA
1086,AGW00793A_Boston_DOA2-136_20122012_12_20HA
1087,APC60118A_RhodeIsland_09_20122012_11_28HA
1088,AHL99713A_SantaClara_YGA_03063_20132013_01_21HA
1089,AHL96116A_Boston_YGA_01009_20122012_12_20HA
1090,AGV99205A_Boston_DOA2-114_20122012_12_03HA
1091,AHL96236A_Boston_YGA_01020_20122012_12_22HA
1092,BAT21754A_Tokyo_52-85_20132013_01_05HA
1093,BAT21735A_Kumamoto_92-307v_20132013_01_15HA
1094,BAT21750A_Fukuoka_93-308v_20132013_01_16HA
1095,BAT21748A_Fukuoka_73-371_20132013_01_21HA
1096,BAT21749A_Fukuoka_94-375v_20132013_01_21HA
1097,BAT21740A_Fukuoka_70-3-184_20132013_01_10HA
1098,BAT21737A_Tokyo_57-229_20132013_01_15HA
1099,BAT21738A_Kanagawa_59-272_20132013_01_16HA
1100,BAT21755A_Gifu_76-452v_20132013_01_24HA
1101,BAT21739A_Tokyo_56-228_20132013_01_15HA
1102,BAT21756A_Kagawa_62-243_20132013_01_15HA
1103,BAT21736A_Tokyo_50-34_20122012_12_20HA
1104,AHB73578A_Ontario_036_20132013_02_11HA
1105,AGD98962A_Ontario_007_20132013_01_02HA
1106,AHM00360A_Chicago_YGA_04090_20122012_12_26HA
1107,AHM00108A_Chicago_YGA_04020_20122012_12_07HA
1108,AHL99964A_Chicago_YGA_04007_20122012_11_27HA
1109,AHZ39925A_Houston_JMM_72_20122012_12_15HA
1110,AGZ60597A_Texas_91_20122012_12_05HA
1111,AGG13507A_Texas_JMM_13_20122012_11_20HA
1112,AGL09830A_Washington_3264_20122012_12_27HA
1113,AGZ61366A_Indiana_161_20122012_10_22HA
1114,AGZ61344A_Arizona_09_20122012_10_22HA
1115,AHL99844A_SantaClara_YGA_03074_20132013_01_08HA
1116,AHM00312A_Chicago_YGA_04084_20122012_12_24HA
1117,AGZ60814A_Michigan_02_20132013_01_03HA
1118,AGZ61448A_Indiana_01_20132013_01_22HA
1119,AHZ42654A_Houston_JMM_156_20132013_01_26HA
1120,AHZ40189A_Houston_JMM_95_20122012_12_28HA
1121,AGQ16336A_Oklahoma_3405_20132013_03_05HA
1122,AGZ61000A_Oklahoma_08_20132013_03_13HA
1123,AGL09803A_Ohio_3237_20132013_01_11HA
1124,AHL97036A_Boston_YGA_01092_20122012_12_29HA
1125,AHL96557A_Boston_YGA_01048_20122012_12_25HA
1126,AGO51379A_California_NHRCFDX11283_20122012_12_10HA
1127,BAT21753A_Hyogo_95-441v_20132013_01_22HA
1128,BAT21751A_Kagawa_79-360_20132013_01_19HA
1129,BAT21752A_Kanagawa_80-454_20132013_01_25HA
1130,AHZ40536A_Houston_JMM_126_20132013_01_08HA
1131,AHL99141A_SantaClara_YGA_03013_20132013_01_02HA
1132,AHL95674A_Boston_YGA_00066_20132013_02_21HA
1133,AJE62882A_Thailand_CU-B7646_20132013_02_16HA
1134,AJJ98909A_Thailand_SN11893_20132013_01_23HA
1135,BAT21745A_Gunma_88-95v_20132013_01_07HA
1136,AHB73561A_Japan_NHRC399387_20132013_01_31HA
1137,AGQ16335A_Japan_3404_20132013_03_04HA
1138,AGQ16337A_Japan_3406_20132013_03_06HA
1139,AGQ16334A_Japan_3403_20132013_03_01HA
1140,BAT21744A_Ishikawa_90-205v_20132013_01_12HA
1141,BAT21746A_Gunma_87-51v_20122012_12_22HA
1142,BAT21743A_Tokyo_77-247_20132013_01_15HA
1143,BAT21747A_Gunma_49-4_20122012_12_11HA
1144,BAT21741A_Gunma_69-2_20122012_12_08HA
1145,BAT21742A_Tokyo_61-239_20132013_01_15HA
1146,AHM00156A_Chicago_YGA_04038_20122012_12_14HA
1147,AHM00204A_Chicago_YGA_04048_20122012_12_17HA
1148,AHL99570A_SantaClara_YGA_03050_20132013_01_24HA
1149,AHL99213A_SantaClara_YGA_03019_20132013_01_16HA
1150,AHL99665A_SantaClara_YGA_03059_20132013_01_27HA
1151,AHM00746A_Chicago_YGA_04129_20132013_01_01HA
1152,AHM00818A_Chicago_YGA_04135_20132013_01_03HA
1153,AGZ61559A_Delaware_11_20122012_11_05HA
1154,AGZ61572A_Delaware_15_20122012_11_12HA
1155,AGZ60579A_Delaware_01_20132013_01_03HA
1156,AGZ61132A_Delaware_10_20122012_10_20HA
1157,AGZ60462A_NorthCarolina_04_20132013_02_22HA
1158,AHL99414A_SantaClara_YGA_03036_20132013_01_30HA
1159,AHL99426A_SantaClara_YGA_03037_20132013_01_31HA
1160,AHM00479A_Chicago_YGA_04103_20122012_12_27HA
1161,AHB73524A_Japan_NHRC399399_20132013_01_13HA
1162,AHD25315A_Delhi_1191_20132013_02_16HA
1163,AHD25316A_Delhi_1254_20132013_02_16HA
1164,AHD25331A_Haryana_2396_20132013_02_24HA
1165,AHM00591A_Chicago_YGA_04114_20122012_12_28HA
1166,AHM00372A_Chicago_YGA_04092_20122012_12_26HA
1167,AGZ60983A_Montana_10_20122012_10_04HA
1168,AHM00467A_Chicago_YGA_04102_20122012_12_27HA
1169,AHL97997A_Boston_YGA_01175_20132013_01_18HA
1170,AHM00830A_Chicago_YGA_04136_20132013_01_03HA
1171,AHL99940A_Chicago_YGA_04002_20122012_11_12HA
1172,AHL99988A_Chicago_YGA_04009_20122012_11_30HA
1173,AHL99976A_Chicago_YGA_04008_20122012_11_29HA
1174,AHM00216A_Chicago_YGA_04053_20122012_12_18HA
1175,AHM00037A_Chicago_YGA_04013_20122012_12_04HA
1176,AHM00120A_Chicago_YGA_04035_20122012_12_13HA
1177,AHM00348A_Chicago_YGA_04089_20122012_12_26HA
1178,AHM00675A_Chicago_YGA_04122_20122012_12_30HA
1179,AHL99928A_Chicago_YGA_04001_20122012_11_05HA
1180,AHM00395A_Chicago_YGA_04094_20122012_12_26HA
1181,AHD25332A_Delhi_2487_20132013_02_25HA
1182,AHB73526A_Japan_NHRC399396_20132013_01_16HA
1183,AHD25330A_Delhi_2277_20132013_02_23HA
1184,AHM00455A_Chicago_YGA_04099_20122012_12_27HA
1185,AHD25317A_Haryana_1256_20132013_02_15HA
1186,AHM00491A_Chicago_YGA_04104_20122012_12_27HA
1187,AHZ40060A_Houston_JMM_84_20122012_12_19HA
1188,AGG13723A_Texas_JMM_32_20122012_11_28HA
1189,AHZ40321A_Houston_JMM_107_20132013_01_03HA
1190,AHZ42572A_Houston_JMM_149_20132013_01_22HA
1191,AHZ40096A_Houston_JMM_87_20122012_12_20HA
1192,AGG13985A_Texas_JMM_56_20122012_12_07HA
1193,AGG13997A_Texas_JMM_57_20122012_12_07HA
1194,AGZ60649A_Oregon_12_20122012_11_11HA
1195,AGZ61069A_Vermont_28_20122012_12_05HA
1196,AHL96796A_Boston_YGA_01070_20122012_12_27HA
1197,AHL96248A_Boston_YGA_01022_20122012_12_22HA
1198,AGF44944A_NewYork_3130_20122012_11_26HA
1199,AHL96592A_Boston_YGA_01051_20122012_12_25HA
1200,AGG13471A_Texas_JMM_10_20122012_11_20HA
1201,AHL99297A_SantaClara_YGA_03026_20132013_01_07HA
1202,AHL97589A_Boston_YGA_01141_20132013_01_04HA
1203,AGZ61408A_DistrictOfColumbia_02_20122012_12_17HA
1204,AGL09769A_NewJersey_3203_20122012_12_20HA
1205,AHL99486A_SantaClara_YGA_03042_20132013_01_03HA
1206,AHL96402A_Boston_YGA_01035_20122012_12_24HA
1207,AGV99073A_Boston_DOA2-103_20122012_12_17HA
1208,AHL98200A_Boston_YGA_01195_20132013_01_24HA
1209,AHL97577A_Boston_YGA_01140_20132013_01_03HA
1210,AGL09738A_DistrictofColombia_3168_20122012_12_28HA
1211,AHL99796A_SantaClara_YGA_03070_20132013_02_03HA
1212,AGL09764A_Nebraska_3198_20132013_01_03HA
1213,AGL09731A_Alabama_3161_20122012_12_20HA
1214,AKJ80263A_Wisconsin_U130203_20122012_12_01HA
1215,AHL97060A_Boston_YGA_01095_20122012_12_30HA
1216,AGW01833A_Boston_DOA2-212_20132013_01_09HA
1217,AHL99045A_SantaClara_YGA_03005_20132013_01_22HA
1218,AGL09781A_NewYork_3215_20132013_01_06HA
1219,AGL09831A_Washington_3265_20132013_01_06HA
1220,AKJ80302A_Wisconsin_V130179_20122012_12_01HA
1221,AGZ60468A_Nebraska_06_20132013_02_09HA
1222,AGZ61128A_Kentucky_16_20122012_10_07HA
1223,AIK26611A_Mississippi_65_20122012_12_07HA
1224,AGW02097A_Boston_DOA2-238_20132013_01_04HA
1225,AHB73579A_Ontario_016_20132013_01_17HA
1226,AGZ61208A_Washington_52_20122012_10_13HA
1227,AHZ40500A_Houston_JMM_123_20132013_01_08HA
1228,AHZ40084A_Houston_JMM_86_20122012_12_20HA
1229,AGG13973A_Texas_JMM_54_20122012_12_06HA
1230,AIG44799A_Singapore_H2012.923_20122012_12_03HA
1231,AGZ60611A_Montana_14_20122012_12_12HA
1232,AGZ60357A_California_15_20132013_02_02HA
1233,AGG14330A_Texas_JMM_2_20122012_11_04HA
1234,ALH38113A_Texas_23_20132013_01_19HA
1235,AHZ40441A_Houston_JMM_118_20132013_01_05HA
1236,AGG13879A_Texas_JMM_46_20122012_12_04HA
1237,AHZ42596A_Houston_JMM_151_20132013_01_26HA
1238,AHZ39949A_Houston_JMM_74_20122012_12_15HA
1239,AGG13855A_Texas_JMM_44_20122012_12_02HA
1240,AGZ61603A_Oklahoma_05_20132013_01_21HA
1241,AGZ60686A_Kansas_14_20122012_12_05HA
1242,AHZ40393A_Houston_JMM_113_20132013_01_04HA
1243,AHZ40333A_Houston_JMM_108_20132013_01_03HA
1244,AGL09815A_Texas_3249_20132013_01_09HA
1245,AGO51383A_Illinois_NHRC17732_20122012_12_06HA
1246,AHZ42619A_Houston_JMM_153_20132013_01_22HA
1247,AHL99534A_SantaClara_YGA_03047_20132013_02_02HA
1248,AHZ42701A_Houston_JMM_160_20132013_01_15HA
1249,AHZ40548A_Houston_JMM_127_20132013_01_09HA
1250,ALH38106A_Texas_18_20132013_01_18HA
1251,ALH38101A_Texas_22_20132013_01_19HA
1252,AGG13927A_Texas_JMM_50_20122012_12_06HA
1253,AGG13435A_Texas_JMM_5_20122012_11_14HA
1254,AHZ40201A_Houston_JMM_96_20122012_12_29HA
1255,AHZ39865A_Houston_JMM_67_20122012_12_13HA
1256,AHZ39794A_Houston_JMM_61_20122012_12_09HA
1257,AGG13555A_Texas_JMM_17_20122012_11_24HA
1258,AGG13735A_Texas_JMM_33_20122012_11_29HA
1259,AHL97048A_Boston_YGA_01093_20122012_12_29HA
1260,AGZ61062A_Texas_111_20122012_12_25HA
1261,AGG13747A_Texas_JMM_34_20122012_11_29HA
1262,AHZ39937A_Houston_JMM_73_20122012_12_15HA
1263,AGG13891A_Texas_JMM_47_20122012_12_04HA
1264,AHZ40405A_Houston_JMM_115_20132013_01_05HA
1265,AHZ39973A_Houston_JMM_76_20122012_12_16HA
1266,AHZ39841A_Houston_JMM_65_20122012_12_12HA
1267,AIG44800A_Singapore_H2012.934_20122012_12_07HA
1268,AIG44797A_Singapore_S2012.833_20122012_10_31HA
1269,AGL09814A_Texas_3248_20132013_01_08HA
1270,AGG13663A_Texas_JMM_26_20122012_11_26HA
1271,AHZ40618A_Houston_JMM_133_20132013_01_11HA
1272,AHZ42784A_Houston_JMM_168_20132013_01_14HA
1273,AIG44798A_Singapore_H2012.855_20122012_11_08HA
1274,AGL09818A_Texas_3252_20132013_01_14HA
1275,AGL09737A_Colorado_3167_20132013_01_04HA
1276,ALH38116A_Texas_28_20132013_01_02HA
1277,AHZ40045A_Houston_JMM_82_20122012_12_18HA
1278,AGZ60463A_Maryland_03_20132013_02_10HA
1279,AHZ40072A_Houston_JMM_85_20122012_12_19HA
1280,AHZ40638A_Houston_JMM_135_20132013_01_11HA
1281,AHL99784A_SantaClara_YGA_03069_20132013_01_10HA
1282,AIG44796A_Singapore_H2012.828_20122012_10_29HA
1283,AHZ40417A_Houston_JMM_116_20132013_01_05HA
1284,AHZ40686A_Houston_JMM_140_20132013_01_12HA
1285,AGG13531A_Texas_JMM_15_20122012_11_22HA
1286,AHZ39997A_Houston_JMM_78_20122012_12_17HA
1287,AGG13459A_Texas_JMM_9_20122012_11_20HA
1288,AHZ42748A_Houston_JMM_164_20132013_01_20HA
1289,AHZ39961A_Houston_JMM_75_20122012_12_16HA
1290,AIG44795A_Singapore_C2012.801_20122012_10_19HA
1291,AGL09816A_Texas_3250_20132013_01_07HA
1292,ALH38128A_Texas_117_20122012_12_28HA
1293,AHZ40512A_Houston_JMM_124_20132013_01_08HA
1294,AHZ40021A_Houston_JMM_80_20122012_12_18HA
1295,AGZ61583A_California_42_20122012_10_28HA
1296,AGZ61595A_NewMexico_05_20132013_01_18HA
1297,AGZ61189A_California_04_20132013_01_06HA
1298,AHL99367A_SantaClara_YGA_03032_20132013_01_07HA
1299,AGG13687A_Texas_JMM_29_20122012_11_28HA
1300,AGG14009A_Texas_JMM_58_20122012_12_07HA
1301,AHZ40177A_Houston_JMM_94_20122012_12_28HA
1302,AGG13423A_Texas_JMM_4_20122012_11_12HA
1303,AGG13567A_Texas_JMM_18_20122012_11_24HA
1304,BAT21806A_Hyogo_84-369_20132013_01_18HA
1305,AGZ61289A_Oklahoma_05_20122012_11_01HA
1306,AIG44794A_Singapore_H2012.779_20122012_10_11HA
1307,AHB73543A_California_NHRC395278_20132013_01_24HA
1308,AHL98973A_Boston_YGA_02055_20132013_02_12HA
1309,AHL99641A_SantaClara_YGA_03057_20122012_12_24HA
1310,AHL96736A_Boston_YGA_01064_20122012_12_27HA
1311,AHL96868A_Boston_YGA_01076_20122012_12_28HA
1312,AHL96904A_Boston_YGA_01079_20122012_12_28HA
1313,AHL96772A_Boston_YGA_01067_20122012_12_27HA
1314,AHL95854A_Boston_YGA_00084_20132013_01_25HA
1315,AJE62870A_Thailand_CU-H3435_20122012_10_03HA
1316,AJE62871A_Thailand_CU-H3453_20122012_10_16HA
1317,AGL09734A_Alabama_3164_20122012_12_14HA
1318,AGF44915A_Alabama_3101_20122012_12_11HA
1319,AHZ40369A_Houston_JMM_111_20132013_01_04HA
1320,AHD25309A_Haryana_9972_20122012_12_07HA
1321,AHZ40309A_Houston_JMM_106_20132013_01_02HA
1322,AGZ60429A_NewHampshire_16_20122012_11_19HA
1323,AGL09783A_NewYork_3217_20132013_01_07HA
1324,AGV99049A_Boston_DOA2-101_20122012_12_14HA
1325,AHL97228A_Boston_YGA_01109_20122012_12_31HA
1326,AKJ80345A_Rochester_0068_20132013_01_03HA
1327,AKJ80347A_Rochester_0074_20132013_01_15HA
1328,AKJ80359A_Rochester_0064_20122012_12_19HA
1329,AGZ61299A_NewYork_38_20122012_10_17HA
1330,AHL98426A_Boston_YGA_01216_20132013_03_14HA
1331,AGW01487A_Boston_DOA2-172_20132013_01_17HA
1332,AGZ61288A_Hawaii_30_20122012_10_17HA
1333,AKJ80363A_Rochester_0065_20122012_12_19HA
1334,AGZ60889A_California_49_20122012_12_18HA
1335,AHA38541A_Quebec_06_20132013_01_19HA
1336,AKJ80348A_Rochester_0058_20122012_12_13HA
1337,AHL99605A_SantaClara_YGA_03054_20132013_01_15HA
1338,AKJ80336A_Rochester_0072_20132013_01_10HA
1339,AGV99181A_Boston_DOA2-112_20122012_12_04HA
1340,AKJ80344A_Rochester_0056_20122012_12_12HA
1341,AHL99462A_SantaClara_YGA_03040_20132013_01_13HA
1342,AGZ61283A_Hawaii_29_20122012_10_15HA
1343,AKJ80334A_Rochester_0065_20122012_12_19HA
1344,AGZ61362A_NewYork_38_20122012_10_17HA
1345,AGZ60911A_Hawaii_45_20122012_10_14HA
1346,AKJ80329A_Rochester_0058_20122012_12_13HA
1347,AHL98662A_Boston_YGA_02019_20132013_01_04HA
1348,AHL99237A_SantaClara_YGA_03021_20132013_01_02HA
1349,AGV99986A_Boston_DOA2-116_20122012_12_03HA
1350,AGW00829A_Boston_DOA2-140_20122012_12_10HA
1351,AGW00185A_Boston_DOA2-128_20122012_12_18HA
1352,AGV99193A_Boston_DOA2-113_20122012_12_02HA
1353,AGV99157A_Boston_DOA2-110_20122012_12_07HA
1354,AHL95949A_Boston_YGA_00093_20122012_12_20HA
1355,AHZ42831A_Houston_JMM_172_20132013_01_21HA
1356,AHL96664A_Boston_YGA_01058_20122012_12_26HA
1357,AHL98722A_Boston_YGA_02025_20132013_01_08HA
1358,AHL94996A_Boston_YGA_00003_20122012_11_27HA
1359,AGX93481A_Quebec_8118_20132013_01_30HA
1360,AHL96224A_Boston_YGA_01018_20122012_12_22HA
1361,AGZ61334A_NewHampshire_12_20122012_11_08HA
1362,AIT92491A_Connecticut_Flu086_20122012_12_31HA
1363,AHL97925A_Boston_YGA_01169_20132013_01_13HA
1364,AGV99002A_Boston_DOA2-097_20122012_11_12HA
1365,AHL94984A_Boston_YGA_00002_20122012_10_26HA
1366,AGZ61652A_Pennsylvania_21_20122012_11_09HA
1367,AGV99014A_Boston_DOA2-098_20122012_12_12HA
1368,AMU04409A_Jordan_D3614_20122012_11_26HA
1369,AGL09741A_Florida_3171_20122012_12_18HA
1370,AGZ61511A_NewYork_61_20122012_12_31HA
1371,ALX27833A_Cambodia_W1023347_20122012_10_10HA
1372,ALX27840A_Cambodia_W1023343_20122012_10_05HA
1373,AHL95470A_Boston_YGA_00046_20132013_01_14HA
1374,ALX27826A_Cambodia_W1023353_20122012_10_18HA
1375,AGZ60451A_NorthDakota_07_20122012_11_12HA
1376,AGZ61301A_Alaska_24_20122012_10_14HA
1377,AGZ61273A_Alaska_22_20122012_10_01HA
1378,AGZ60708A_Alaska_31_20122012_12_07HA
1379,AGZ61231A_Alaska_23_20122012_10_05HA
1380,AGF44917A_Alaska_3103_20122012_11_15HA
1381,AGZ61325A_Alaska_24_20122012_10_14HA
1382,AGZ61246A_Alaska_23_20122012_10_05HA
1383,AGM16032A_Tunisia_1199_20132013_02_13HA
1384,AGM16035A_Tunisia_2635_20132013_01_29HA
1385,AGM16033A_Tunisia_2334_20132013_02_23HA
1386,AGZ61287A_Maine_08_20122012_10_28HA
1387,AGZ61232A_Louisiana_09_20122012_10_30HA
1388,AIE53317A_Santiago_p38-2012d3_20122012_12_29HA
1389,AIE53108A_Santiago_p38-2012d1_20122012_12_27HA
1390,AGZ61235A_Maryland_32_20122012_10_13HA
1391,AHZ40108A_Houston_JMM_88_20122012_12_21HA
1392,AGG13903A_Texas_JMM_48_20122012_12_04HA
1393,AGG13795A_Texas_JMM_38_20122012_11_30HA
1394,AHZ39901A_Houston_JMM_70_20122012_12_14HA
1395,AHZ40285A_Houston_JMM_104_20132013_01_02HA
1396,AHZ40477A_Houston_JMM_121_20132013_01_08HA
1397,AGG13651A_Texas_JMM_25_20122012_11_26HA
1398,AGG13675A_Texas_JMM_27_20122012_11_28HA
1399,AGG14033A_Texas_JMM_60_20122012_12_08HA
1400,AGG13771A_Texas_JMM_36_20122012_11_29HA
1401,AGG13831A_Texas_JMM_41_20122012_12_01HA
1402,AGG13495A_Texas_JMM_12_20122012_11_20HA
1403,AHZ39913A_Houston_JMM_71_20122012_12_15HA
1404,AGG13483A_Texas_JMM_11_20122012_11_20HA
1405,AGG13519A_Texas_JMM_14_20122012_11_21HA
1406,AHZ40357A_Houston_JMM_110_20132013_01_03HA
1407,AGZ61553A_Texas_83_20122012_11_02HA
1408,AGG13819A_Texas_JMM_40_20122012_12_01HA
1409,AGG13711A_Texas_JMM_31_20122012_11_28HA
1410,AHJ57436A_Tehran_44476_20132013_02_20HA
1411,AGT18752A_Kenya_249_20122012_11_12HA
1412,AGT18753A_Kenya_250_20122012_11_12HA
1413,AGT18751A_Kenya_248_20122012_11_12HA
1414,AGT18754A_Kenya_251_20122012_12_13HA
1415,AGT18749A_Kenya_246_20122012_11_08HA
1416,AGZ61211A_Oklahoma_04_20122012_10_08HA
1417,AHZ39818A_Houston_JMM_63_20122012_12_10HA
1418,AGZ61639A_Louisiana_11_20122012_11_06HA
1419,AGL09743A_Florida_3173_20122012_12_19HA
1420,AGD98959A_Ontario_004_20132013_01_02HA
1421,AHA38552A_Quebec_23_20132013_02_05HA
1422,AHA38553A_Quebec_24_20132013_01_29HA
1423,AGZ61644A_Tennessee_10_20122012_11_01HA
1424,AGF44907A_Florida_3093_20122012_12_06HA
1425,AGL09773A_NewYork_3207_20122012_12_24HA
1426,AGZ61623A_SouthCarolina_24_20122012_10_29HA
1427,AGZ60585A_Tennessee_18_20122012_12_07HA
1428,AGZ60739A_Virginia_16_20122012_12_05HA
1429,AGZ60539A_Virginia_15_20122012_12_05HA
1430,AGZ60720A_Virginia_16_20122012_12_05HA
1431,AGZ60688A_Michigan_33_20122012_12_03HA
1432,AGL09776A_NewYork_3210_20122012_12_26HA
1433,AGZ61634A_SouthCarolina_22_20122012_11_02HA
1434,AGL09772A_NewYork_3206_20122012_12_24HA
1435,AGZ60449A_Kentucky_17_20122012_11_19HA
1436,AHM00770A_Chicago_YGA_04131_20132013_01_01HA
1437,AGZ60586A_Kentucky_18_20122012_12_03HA
1438,AGL09806A_SouthCarolina_3240_20122012_12_17HA
1439,AHM00806A_Chicago_YGA_04134_20132013_01_02HA
1440,AHZ40453A_Houston_JMM_119_20132013_01_07HA
1441,AGL09777A_NewYork_3211_20122012_12_26HA
1442,AGL09774A_NewYork_3208_20122012_12_24HA
1443,AHL96976A_Boston_YGA_01086_20122012_12_28HA
1444,AGW01403A_Boston_DOA2-163_20132013_01_11HA
1445,AGG13915A_Texas_JMM_49_20122012_12_06HA
1446,AHZ40154A_Houston_JMM_92_20122012_12_23HA
1447,AHZ40758A_Houston_JMM_147_20132013_01_19HA
1448,AHZ36541A_Nicaragua_AGA2-101_20122012_10_30HA
1449,AHZ36529A_Nicaragua_AGA2-100_20122012_10_26HA
1450,AHZ36625A_Nicaragua_AGA2-108_20122012_10_11HA
1451,AHZ36589A_Nicaragua_AGA2-105_20122012_10_12HA
1452,AHZ36577A_Nicaragua_AGA2-104_20122012_11_03HA
1453,AHZ36457A_Nicaragua_AGA2-92_20122012_10_12HA
1454,AHZ35716A_Nicaragua_AGA2-14_20122012_10_01HA
1455,AHZ35764A_Nicaragua_AGA2-20_20122012_10_11HA
1456,AHZ36445A_Nicaragua_AGA2-91_20122012_10_15HA
1457,AHZ36565A_Nicaragua_AGA2-103_20122012_11_06HA
1458,AHZ35776A_Nicaragua_AGA2-21_20122012_10_10HA
1459,AHZ35752A_Nicaragua_AGA2-19_20122012_10_08HA
1460,AHZ36469A_Nicaragua_AGA2-93_20122012_10_17HA
1461,AHZ36481A_Nicaragua_AGA2-94_20122012_10_17HA
1462,AHZ36421A_Nicaragua_AGA2-89_20122012_11_11HA
1463,AHZ36601A_Nicaragua_AGA2-106_20122012_10_12HA
1464,AHZ36553A_Nicaragua_AGA2-102_20122012_10_30HA
1465,AHZ35728A_Nicaragua_AGA2-17_20122012_10_03HA
1466,AHZ36493A_Nicaragua_AGA2-95_20122012_10_20HA
1467,AHZ36517A_Nicaragua_AGA2-97_20122012_10_22HA
1468,AHZ36505A_Nicaragua_AGA2-96_20122012_10_23HA
1469,AHZ36613A_Nicaragua_AGA2-107_20122012_10_11HA
1470,AHZ36649A_Nicaragua_AGA2-110_20122012_12_06HA
1471,AHZ36637A_Nicaragua_AGA2-109_20122012_11_19HA
1472,AHZ36433A_Nicaragua_AGA2-90_20122012_11_12HA
1473,AGZ60439A_Colorado_20_20122012_11_14HA
1474,AGW01965A_Boston_DOA2-224_20132013_01_01HA
1475,AIT92502A_Connecticut_Flu159_20132013_02_10HA
1476,AGZ61092A_Delaware_23_20122012_12_19HA
1477,AHL95116A_Boston_YGA_00015_20122012_12_28HA
1478,AIK26610A_Mississippi_53_20122012_11_28HA
1479,AHE37986A_Texas_3435_20132013_01_14HA
1480,AHL96438A_Boston_YGA_01038_20122012_12_24HA
1481,AGW01319A_Boston_DOA2-155_20122012_12_29HA
1482,AIK26607A_Mississippi_44_20122012_11_20HA
1483,AHZ40429A_Houston_JMM_117_20132013_01_05HA
1484,AHL95128A_Boston_YGA_00016_20122012_12_28HA
1485,AIK26592A_Mississippi_45_20122012_11_21HA
1486,AIK26605A_Mississippi_40_20122012_11_14HA
1487,AGG14021A_Texas_JMM_59_20122012_12_08HA
1488,AGG13843A_Texas_JMM_43_20122012_12_02HA
1489,AHZ40626A_Houston_JMM_134_20132013_01_11HA
1490,AIK26608A_Mississippi_47_20122012_11_21HA
1491,AGF44897A_Ohio_3083_20122012_12_04HA
1492,AGF44918A_Ohio_3104_20122012_11_15HA
1493,AGF44920A_Ohio_3106_20122012_12_04HA
1494,ALG00487A_Michigan_08_20122012_12_18HA
1495,AHM00192A_Chicago_YGA_04047_20122012_12_17HA
1496,AHL99333A_SantaClara_YGA_03029_20122012_12_03HA
1497,AHB73530A_SouthCarolina_NHRC395504_20132013_02_15HA
1498,AGZ61524A_Nebraska_04_20132013_01_11HA
1499,AIK26597A_Mississippi_6_20132013_01_04HA
1500,AGZ61263A_Mississippi_12_20122012_10_09HA
1501,AIK26594A_Mississippi_51_20122012_11_27HA
1502,AGZ61110A_Wisconsin_37_20122012_10_05HA
1503,AKJ80303A_Wisconsin_V130258_20122012_12_01HA
1504,AHL97565A_Boston_YGA_01139_20132013_01_03HA
1505,AHL97781A_Boston_YGA_01157_20132013_01_06HA
1506,AIT92509A_Connecticut_Flu055_20122012_12_27HA
1507,AIT92522A_Connecticut_Flu139_20132013_02_01HA
1508,AIT92485A_Connecticut_Flu042_20122012_12_28HA
1509,AGL09813A_Texas_3247_20132013_01_07HA
1510,AGZ60356A_California_55_20122012_12_31HA
1511,AGW04171A_Boston_DOA2-141_20122012_12_21HA
1512,AHL97252A_Boston_YGA_01111_20132013_01_01HA
1513,AHL99856A_SantaClara_YGA_03075_20132013_02_04HA
1514,AHD25214A_SouthCarolina_NHRC382368_20122012_12_03HA
1515,AGO51384A_SouthCarolina_NHRCJX40645_20122012_12_03HA
1516,AHL99868A_SantaClara_YGA_03076_20132013_02_03HA
1517,AGL09883A_Florida_3181_20132013_01_08HA
1518,AHL98626A_Boston_YGA_02015_20122012_12_31HA
1519,AHZ40225A_Houston_JMM_98_20122012_12_29HA
1520,AHM00543A_Chicago_YGA_04110_20122012_12_28HA
1521,AHL95307A_Boston_YGA_00038_20132013_01_11HA
1522,AGZ61268A_Alaska_02_20132013_02_20HA
1523,AGW00817A_Boston_DOA2-138_20122012_12_20HA
1524,AHL97673A_Boston_YGA_01148_20132013_01_05HA
1525,AHL96318A_Boston_YGA_01026_20122012_12_23HA
1526,AGZ61529A_Alaska_02_20132013_02_20HA
1527,AHL96521A_Boston_YGA_01045_20122012_12_25HA
1528,AGL09760A_Maryland_3194_20122012_12_18HA
1529,AHL97096A_Boston_YGA_01098_20122012_12_30HA
1530,AHZ95894A_Connecticut_Flu006_20122012_12_29HA
1531,AGZ61367A_SouthCarolina_16_20122012_11_07HA
1532,AGF44916A_Alabama_3102_20122012_12_11HA
1533,AHL95164A_Boston_YGA_00020_20122012_12_28HA
1534,AHL98614A_Boston_YGA_02014_20122012_12_31HA
1535,AHM00890A_Chicago_YGA_04165_20132013_01_09HA
1536,AGL09884A_Florida_3182_20132013_01_09HA
1537,AHZ42915A_Houston_JMM_180_20132013_02_08HA
1538,AHL98530A_Boston_YGA_02005_20122012_12_17HA
1539,AHL97408A_Boston_YGA_01125_20132013_01_02HA
1540,AHL98494A_Boston_YGA_02002_20122012_12_12HA
1541,AHL95008A_Boston_YGA_00004_20122012_12_05HA
1542,AGL09817A_Texas_3251_20132013_01_10HA
1543,AGF44896A_Florida_3082_20122012_12_02HA
1544,AIK26593A_Mississippi_49_20122012_11_26HA
1545,AGZ61223A_Vermont_16_20122012_10_15HA
1546,AIK26609A_Mississippi_48_20122012_11_26HA
1547,AGG13807A_Texas_JMM_39_20122012_11_30HA
1548,AHE37985A_Florida_3434_20132013_01_05HA
1549,AGZ60550A_Virginia_14_20122012_11_13HA
1550,AGZ60869A_Alabama_35_20122012_12_18HA
1551,AGL09751A_Florida_3185_20122012_12_17HA
1552,AIK26603A_Mississippi_35_20132013_01_30HA
1553,AGL09740A_Florida_3170_20122012_12_18HA
1554,AIK26604A_Mississippi_36_20122012_11_09HA
1555,AGL09742A_Florida_3172_20122012_12_18HA
1556,AGL09747A_Florida_3177_20132013_01_04HA
1557,AGW00877A_Boston_DOA2-145_20132013_01_20HA
1558,AHZ40662A_Houston_JMM_137_20132013_01_11HA
1559,AGG13411A_Texas_JMM_3_20122012_11_11HA
1560,AHZ39853A_Houston_JMM_66_20122012_12_12HA
1561,AGG13699A_Texas_JMM_30_20122012_11_28HA
1562,AGG13759A_Texas_JMM_35_20122012_11_29HA
1563,AHZ39889A_Houston_JMM_69_20122012_12_14HA
1564,AHZ42772A_Houston_JMM_167_20132013_01_14HA
1565,AGG14318A_Texas_JMM_1_20122012_11_03HA
1566,AHZ40674A_Houston_JMM_139_20132013_01_12HA
1567,AGG13447A_Texas_JMM_8_20122012_11_20HA
1568,AHZ42760A_Houston_JMM_166_20132013_01_20HA
1569,AHM00962A_Chicago_YGA_04198_20132013_01_23HA
1570,AGZ60963A_Florida_39_20122012_10_04HA
1571,AHM00974A_Chicago_YGA_04200_20132013_01_25HA
1572,AHM00698A_Chicago_YGA_04124_20122012_12_31HA
1573,AHM00132A_Chicago_YGA_04036_20122012_12_13HA
1574,AGZ61355A_NewYork_40_20122012_10_16HA
1575,AHM00324A_Chicago_YGA_04085_20122012_12_25HA
1576,AHM00336A_Chicago_YGA_04086_20122012_12_25HA
1577,AHM00276A_Chicago_YGA_04065_20122012_12_19HA
1578,AHM00782A_Chicago_YGA_04132_20132013_01_01HA
1579,AHM00651A_Chicago_YGA_04120_20122012_12_30HA
1580,AHM00938A_Chicago_YGA_04188_20132013_01_16HA
1581,AKJ80324A_Wisconsin_V131188_20132013_02_01HA
1582,AHM00539A_Chicago_YGA_04108_20122012_12_28HA
1583,NODE_0000000
1584,NODE_0000001
1585,NODE_0000002
1586,NODE_0000003
1587,NODE_0000004
1588,NODE_0000005
1589,NODE_0000006
1590,NODE_0000007
1591,NODE_0000008
1592,NODE_0000009
1593,NODE_0000010
1594,NODE_0000011
1595,NODE_0000012
1596,NODE_0000013
1597,NODE_0000014
1598,NODE_0000015
1599,NODE_0000016
1600,NODE_0000017
1601,NODE_0000018
1602,NODE_0000019
1603,NODE_0000020
1604,NODE_0000021
1605,NODE_0000022
1606,NODE_0000023
1607,NODE_0000024
1608,NODE_0000025
1609,NODE_0000026
1610,NODE_0000027
1611,NODE_0000028
1612,NODE_0000029
1613,NODE_0000030
1614,NODE_0000031
1615,NODE_0000032
1616,NODE_0000033
1617,NODE_0000034
1618,NODE_0000035
1619,NODE_0000036
1620,NODE_0000037
1621,NODE_0000038
1622,NODE_0000039
1623,NODE_0000040
1624,NODE_0000041
1625,NODE_0000042
1626,NODE_0000043
1627,NODE_0000044
1628,NODE_0000045
1629,NODE_0000046
1630,NODE_0000047
1631,NODE_0000048
1632,NODE_0000049
1633,NODE_0000050
1634,NODE_0000051
1635,NODE_0000052
1636,NODE_0000053
1637,NODE_0000054
1638,NODE_0000055
1639,NODE_0000056
1640,NODE_0000057
1641,NODE_0000058
1642,NODE_0000059
1643,NODE_0000060
1644,NODE_0000061
1645,NODE_0000062
1646,NODE_0000063
1647,NODE_0000064
1648,NODE_0000065
1649,NODE_0000066
1650,NODE_0000067
1651,NODE_0000068
1652,NODE_0000069
1653,NODE_0000070
1654,NODE_0000071
1655,NODE_0000072
1656,NODE_0000073
1657,NODE_0000074
1658,NODE_0000075
1659,NODE_0000076
1660,NODE_0000077
1661,NODE_0000078
1662,NODE_0000079
1663,NODE_0000080
1664,NODE_0000081
1665,NODE_0000082
1666,NODE_0000083
1667,NODE_0000084
1668,NODE_0000085
1669,NODE_0000086
1670,NODE_0000087
1671,NODE_0000088
1672,NODE_0000089
1673,NODE_0000090
1674,NODE_0000091
1675,NODE_0000092
1676,NODE_0000093
1677,NODE_0000094
1678,NODE_0000095
1679,NODE_0000096
1680,NODE_0000097
1681,NODE_0000098
1682,NODE_0000099
1683,NODE_0000100
1684,NODE_0000101
1685,NODE_0000102
1686,NODE_0000103
1687,NODE_0000104
1688,NODE_0000105
1689,NODE_0000106
1690,NODE_0000107
1691,NODE_0000108
1692,NODE_0000109
1693,NODE_0000110
1694,NODE_0000111
1695,NODE_0000112
1696,NODE_0000113
1697,NODE_0000114
1698,NODE_0000115
1699,NODE_0000116
1700,NODE_0000117
1701,NODE_0000118
1702,NODE_0000119
1703,NODE_0000120
1704,NODE_0000121
1705,NODE_0000122
1706,NODE_0000123
1707,NODE_0000124
1708,NODE_0000125
1709,NODE_0000126
1710,NODE_0000127
1711,NODE_0000128
1712,NODE_0000129
1713,NODE_0000130
1714,NODE_0000131
1715,NODE_0000132
1716,NODE_0000133
1717,NODE_0000134
1718,NODE_0000135
1719,NODE_0000136
1720,NODE_0000137
1721,NODE_0000138
1722,NODE_0000139
1723,NODE_0000140
1724,NODE_0000141
1725,NODE_0000142
1726,NODE_0000143
1727,NODE_0000144
1728,NODE_0000145
1729,NODE_0000146
1730,NODE_0000147
1731,NODE_0000148
1732,NODE_0000149
1733,NODE_0000150
1734,NODE_0000151
1735,NODE_0000152
1736,NODE_0000153
1737,NODE_0000154
1738,NODE_0000155
1739,NODE_0000156
1740,NODE_0000157
1741,NODE_0000158
1742,NODE_0000159
1743,NODE_0000160
1744,NODE_0000161
1745,NODE_0000162
1746,NODE_0000163
1747,NODE_0000164
1748,NODE_0000165
1749,NODE_0000166
1750,NODE_0000167
1751,NODE_0000168
1752,NODE_0000169
1753,NODE_0000170
1754,NODE_0000171
1755,NODE_0000172
1756,NODE_0000173
1757,NODE_0000174
1758,NODE_0000175
1759,NODE_0000176
1760,NODE_0000177
1761,NODE_0000178
1762,NODE_0000179
1763,NODE_0000180
1764,NODE_0000181
1765,NODE_0000182
1766,NODE_0000183
1767,NODE_0000184
1768,NODE_0000185
1769,NODE_0000186
1770,NODE_0000187
1771,NODE_0000188
1772,NODE_0000189
1773,NODE_0000190
1774,NODE_0000191
1775,NODE_0000192
1776,NODE_0000193
1777,NODE_0000194
1778,NODE_0000195
1779,NODE_0000196
1780,NODE_0000197
1781,NODE_0000198
1782,NODE_0000199
1783,NODE_0000200
1784,NODE_0000201
1785,NODE_0000202
1786,NODE_0000203
1787,NODE_0000204
1788,NODE_0000205
1789,NODE_0000206
1790,NODE_0000207
1791,NODE_0000208
1792,NODE_0000209
1793,NODE_0000210
1794,NODE_0000211
1795,NODE_0000212
1796,NODE_0000213
1797,NODE_0000214
1798,NODE_0000215
1799,NODE_0000216
1800,NODE_0000217
1801,NODE_0000218
1802,NODE_0000219
1803,NODE_0000220
1804,NODE_0000221
1805,NODE_0000222
1806,NODE_0000223
1807,NODE_0000224
1808,NODE_0000225
1809,NODE_0000226
1810,NODE_0000227
1811,NODE_0000228
1812,NODE_0000229
1813,NODE_0000230
1814,NODE_0000231
1815,NODE_0000232
1816,NODE_0000233
1817,NODE_0000234
1818,NODE_0000235
1819,NODE_0000236
1820,NODE_0000237
1821,NODE_0000238
1822,NODE_0000239
1823,NODE_0000240
1824,NODE_0000241
1825,NODE_0000242
1826,NODE_0000243
1827,NODE_0000244
1828,NODE_0000245
1829,NODE_0000246
1830,NODE_0000247
1831,NODE_0000248
1832,NODE_0000249
1833,NODE_0000250
1834,NODE_0000251
1835,NODE_0000252
1836,NODE_0000253
1837,NODE_0000254
1838,NODE_0000255
1839,NODE_0000256
1840,NODE_0000257
1841,NODE_0000258
1842,NODE_0000259
1843,NODE_0000260
1844,NODE_0000261
1845,NODE_0000262
1846,NODE_0000263
1847,NODE_0000264
1848,NODE_0000265
1849,NODE_0000266
1850,NODE_0000267
1851,NODE_0000268
1852,NODE_0000269
1853,NODE_0000270
1854,NODE_0000271
1855,NODE_0000272
1856,NODE_0000273
1857,NODE_0000274
1858,NODE_0000275
1859,NODE_0000276
1860,NODE_0000277
1861,NODE_0000278
1862,NODE_0000279
1863,NODE_0000280
1864,NODE_0000281
1865,NODE_0000282
1866,NODE_0000283
1867,NODE_0000284
1868,NODE_0000285
1869,NODE_0000286
1870,NODE_0000287
1871,NODE_0000288
1872,NODE_0000289
1873,NODE_0000290
1874,NODE_0000291
1875,NODE_0000292
1876,NODE_0000293
1877,NODE_0000294
1878,NODE_0000295
1879,NODE_0000296
1880,NODE_0000297
1881,NODE_0000298
1882,NODE_0000299
1883,NODE_0000300
1884,NODE_0000301
1885,NODE_0000302
1886,NODE_0000303
1887,NODE_0000304
1888,NODE_0000305
1889,NODE_0000306
1890,NODE_0000307
1891,NODE_0000308
1892,NODE_0000309
1893,NODE_0000310
1894,NODE_0000311
1895,NODE_0000312
1896,NODE_0000313
1897,NODE_0000314
1898,NODE_0000315
1899,NODE_0000316
1900,NODE_0000317
1901,NODE_0000318
1902,NODE_0000319
1903,NODE_0000320
1904,NODE_0000321
1905,NODE_0000322
1906,NODE_0000323
1907,NODE_0000324
1908,NODE_0000325
1909,NODE_0000326
1910,NODE_0000327
1911,NODE_0000328
1912,NODE_0000329
1913,NODE_0000330
1914,NODE_0000331
1915,NODE_0000332
1916,NODE_0000333
1917,NODE_0000334
1918,NODE_0000335
1919,NODE_0000336
1920,NODE_0000337
1921,NODE_0000338
1922,NODE_0000339
1923,NODE_0000340
1924,NODE_0000341
1925,NODE_0000342
1926,NODE_0000343
1927,NODE_0000344
1928,NODE_0000345
1929,NODE_0000346
1930,NODE_0000347
1931,NODE_0000348
1932,NODE_0000349
1933,NODE_0000350
1934,NODE_0000351
1935,NODE_0000352
1936,NODE_0000353
1937,NODE_0000354
1938,NODE_0000355
1939,NODE_0000356
1940,NODE_0000357
1941,NODE_0000358
1942,NODE_0000359
1943,NODE_0000360
1944,NODE_0000361
1945,NODE_0000362
1946,NODE_0000363
1947,NODE_0000364
1948,NODE_0000365
1949,NODE_0000366
1950,NODE_0000367
1951,NODE_0000368
1952,NODE_0000369
1953,NODE_0000370
1954,NODE_0000371
1955,NODE_0000372
1956,NODE_0000373
1957,NODE_0000374
1958,NODE_0000375
1959,NODE_0000376
1960,NODE_0000377
1961,NODE_0000378
1962,NODE_0000379
1963,NODE_0000380
1964,NODE_0000381
1965,NODE_0000382
1966,NODE_0000383
1967,NODE_0000384
1968,NODE_0000385
1969,NODE_0000386
1970,NODE_0000387
1971,NODE_0000388
1972,NODE_0000389
1973,NODE_0000390
1974,NODE_0000391
1975,NODE_0000392
1976,NODE_0000393
1977,NODE_0000394
1978,NODE_0000395
1979,NODE_0000396
1980,NODE_0000397
1981,NODE_0000398
1982,NODE_0000399
1983,NODE_0000400
1984,NODE_0000401
1985,NODE_0000402
1986,NODE_0000403
1987,NODE_0000404
1988,NODE_0000405
1989,NODE_0000406
1990,NODE_0000407
1991,NODE_0000408
1992,NODE_0000409
1993,NODE_0000410
1994,NODE_0000411
1995,NODE_0000412
1996,NODE_0000413
1997,NODE_0000414
1998,NODE_0000415
1999,NODE_0000416
2000,NODE_0000417
2001,NODE_0000418
2002,NODE_0000419
2003,NODE_0000420
2004,NODE_0000421
2005,NODE_0000422
2006,NODE_0000423
2007,NODE_0000424
2008,NODE_0000425
2009,NODE_0000426
2010,NODE_0000427
2011,NODE_0000428
2012,NODE_0000429
2013,NODE_0000430
2014,NODE_0000431
2015,NODE_0000432
2016,NODE_0000433
2017,NODE_0000434
2018,NODE_0000435
2019,NODE_0000436
2020,NODE_0000437
2021,NODE_0000438
2022,NODE_0000439
2023,NODE_0000440
2024,NODE_0000441
2025,NODE_0000442
2026,NODE_0000443
2027,NODE_0000444
2028,NODE_0000445
2029,NODE_0000446
2030,NODE_0000447
2031,NODE_0000448
2032,NODE_0000449
2033,NODE_0000450
2034,NODE_0000451
2035,NODE_0000452
2036,NODE_0000453
2037,NODE_0000454
2038,NODE_0000455
2039,NODE_0000456
2040,NODE_0000457
2041,NODE_0000458
2042,NODE_0000459
2043,NODE_0000460
2044,NODE_0000461
2045,NODE_0000462
2046,NODE_0000463
2047,NODE_0000464
2048,NODE_0000465
2049,NODE_0000466
2050,NODE_0000467
2051,NODE_0000468
2052,NODE_0000469
2053,NODE_0000470
2054,NODE_0000471
2055,NODE_0000472
2056,NODE_0000473
2057,NODE_0000474
2058,NODE_0000475
2059,NODE_0000476
2060,NODE_0000477
2061,NODE_0000478
2062,NODE_0000479
2063,NODE_0000480
2064,NODE_0000481
2065,NODE_0000482
2066,NODE_0000483
2067,NODE_0000484
2068,NODE_0000485
2069,NODE_0000486
2070,NODE_0000487
2071,NODE_0000488
2072,NODE_0000489
2073,NODE_0000490
2074,NODE_0000491
2075,NODE_0000492
2076,NODE_0000493
2077,NODE_0000494
2078,NODE_0000495
2079,NODE_0000496
2080,NODE_0000497
2081,NODE_0000498
2082,NODE_0000499
2083,NODE_0000500
2084,NODE_0000501
2085,NODE_0000502
2086,NODE_0000503
2087,NODE_0000504
2088,NODE_0000505
2089,NODE_0000506
2090,NODE_0000507
2091,NODE_0000508
2092,NODE_0000509
2093,NODE_0000510
2094,NODE_0000511
2095,NODE_0000512
2096,NODE_0000513
2097,NODE_0000514
2098,NODE_0000515
2099,NODE_0000516
2100,NODE_0000517
2101,NODE_0000518
2102,NODE_0000519
2103,NODE_0000520
2104,NODE_0000521
2105,NODE_0000522
2106,NODE_0000523
2107,NODE_0000524
2108,NODE_0000525
2109,NODE_0000526
2110,NODE_0000527
2111,NODE_0000528
2112,NODE_0000529
2113,NODE_0000530
2114,NODE_0000531
2115,NODE_0000532
2116,NODE_0000533
2117,NODE_0000534
2118,NODE_0000535
2119,NODE_0000536
2120,NODE_0000537
2121,NODE_0000538
2122,NODE_0000539
2123,NODE_0000540
2124,NODE_0000541
2125,NODE_0000542
2126,NODE_0000543
2127,NODE_0000544
2128,NODE_0000545
2129,NODE_0000546
2130,NODE_0000547
2131,NODE_0000548
2132,NODE_0000549
2133,NODE_0000550
2134,NODE_0000551
2135,NODE_0000552
2136,NODE_0000553
2137,NODE_0000554
2138,NODE_0000555
2139,NODE_0000556
2140,NODE_0000557
2141,NODE_0000558
2142,NODE_0000559
2143,NODE_0000560
2144,NODE_0000561
2145,NODE_0000562
2146,NODE_0000563
2147,NODE_0000564
2148,NODE_0000565
2149,NODE_0000566
2150,NODE_0000567
2151,NODE_0000568
2152,NODE_0000569
2153,NODE_0000570
2154,NODE_0000571
2155,NODE_0000572
2156,NODE_0000573
2157,NODE_0000574
2158,NODE_0000575
2159,NODE_0000576
2160,NODE_0000577
2161,NODE_0000578
2162,NODE_0000579
2163,NODE_0000580
2164,NODE_0000581
2165,NODE_0000582
2166,NODE_0000583
2167,NODE_0000584
2168,NODE_0000585
2169,NODE_0000586
2170,NODE_0000587
2171,NODE_0000588
2172,NODE_0000589
2173,NODE_0000590
2174,NODE_0000591
2175,NODE_0000592
2176,NODE_0000593
2177,NODE_0000594
2178,NODE_0000595
2179,NODE_0000596
2180,NODE_0000597
2181,NODE_0000598
2182,NODE_0000599
2183,NODE_0000600
2184,NODE_0000601
2185,NODE_0000602
2186,NODE_0000603
2187,NODE_0000604
2188,NODE_0000605
2189,NODE_0000606
2190,NODE_0000607
2191,NODE_0000608
2192,NODE_0000609
2193,NODE_0000610
2194,NODE_0000611
2195,NODE_0000612
2196,NODE_0000613
2197,NODE_0000614
2198,NODE_0000615
2199,NODE_0000616
2200,NODE_0000617
2201,NODE_0000618
2202,NODE_0000619
2203,NODE_0000620
2204,NODE_0000621
2205,NODE_0000622
2206,NODE_0000623
2207,NODE_0000624
2208,NODE_0000625
2209,NODE_0000626
2210,NODE_0000627
2211,NODE_0000628
2212,NODE_0000629
2213,NODE_0000630
2214,NODE_0000631
2215,NODE_0000632
2216,NODE_0000633
2217,NODE_0000634
2218,NODE_0000635
2219,NODE_0000636
2220,NODE_0000637
2221,NODE_0000638
2222,NODE_0000639
2223,NODE_0000640
2224,NODE_0000641
2225,NODE_0000642
2226,NODE_0000643
2227,NODE_0000644
2228,NODE_0000645
2229,NODE_0000646
2230,NODE_0000647
2231,NODE_0000648
2232,NODE_0000649
2233,NODE_0000650
2234,NODE_0000651
2235,NODE_0000652
2236,NODE_0000653
2237,NODE_0000654
2238,NODE_0000655
2239,NODE_0000656
2240,NODE_0000657
2241,NODE_0000658
2242,NODE_0000659
2243,NODE_0000660
2244,NODE_0000661
2245,NODE_0000662
2246,NODE_0000663
2247,NODE_0000664
2248,NODE_0000665
2249,NODE_0000666
2250,NODE_0000667
2251,NODE_0000668
2252,NODE_0000669
2253,NODE_0000670
2254,NODE_0000671
2255,NODE_0000672
2256,NODE_0000673
2257,NODE_0000674
2258,NODE_0000675
2259,NODE_0000676
2260,NODE_0000677
2261,NODE_0000678
2262,NODE_0000679
2263,NODE_0000680
2264,NODE_0000681
2265,NODE_0000682
2266,NODE_0000683
2267,NODE_0000684
2268,NODE_0000685
2269,NODE_0000686
2270,NODE_0000687
2271,NODE_0000688
2272,NODE_0000689
2273,NODE_0000690
2274,NODE_0000691
2275,NODE_0000692
2276,NODE_0000693
2277,NODE_0000694
2278,NODE_0000695
2279,NODE_0000696
2280,NODE_0000697
2281,NODE_0000698
2282,NODE_0000699
2283,NODE_0000700
2284,NODE_0000701
2285,NODE_0000702
2286,NODE_0000703
2287,NODE_0000704
2288,NODE_0000705
2289,NODE_0000706
2290,NODE_0000707
2291,NODE_0000708
2292,NODE_0000709
2293,NODE_0000710
2294,NODE_0000711
2295,NODE_0000712
2296,NODE_0000713
2297,NODE_0000714
2298,NODE_0000715
2299,NODE_0000716
2300,NODE_0000717
2301,NODE_0000718
2302,NODE_0000719
2303,NODE_0000720
2304,NODE_0000721
2305,NODE_0000722
2306,NODE_0000723
2307,NODE_0000724
2308,NODE_0000725
2309,NODE_0000726
2310,NODE_0000727
2311,NODE_0000728
2312,NODE_0000729
2313,NODE_0000730
2314,NODE_0000731
2315,NODE_0000732
2316,NODE_0000733
2317,NODE_0000734
2318,NODE_0000735
2319,NODE_0000736
2320,NODE_0000737
2321,NODE_0000738
2322,NODE_0000739
2323,NODE_0000740
2324,NODE_0000741
2325,NODE_0000742
2326,NODE_0000743
2327,NODE_0000744
2328,NODE_0000745
2329,NODE_0000746
2330,NODE_0000747
2331,NODE_0000748
2332,NODE_0000749
2333,NODE_0000750
2334,NODE_0000751
2335,NODE_0000752
2336,NODE_0000753
2337,NODE_0000754
2338,NODE_0000755
2339,NODE_0000756
2340,NODE_0000757
2341,NODE_0000758
2342,NODE_0000759
2343,NODE_0000760
2344,NODE_0000761
2345,NODE_0000762
2346,NODE_0000763
2347,NODE_0000764
2348,NODE_0000765
2349,NODE_0000766
2350,NODE_0000767
2351,NODE_0000768
2352,NODE_0000769
2353,NODE_0000770
2354,NODE_0000771
2355,NODE_0000772
2356,NODE_0000773
2357,NODE_0000774
2358,NODE_0000775
2359,NODE_0000776
2360,NODE_0000777
2361,NODE_0000778
2362,NODE_0000779
2363,NODE_0000780
2364,NODE_0000781
2365,NODE_0000782
2366,NODE_0000783
2367,NODE_0000784
2368,NODE_0000785
2369,NODE_0000786
2370,NODE_0000787
2371,NODE_0000788
2372,NODE_0000789
2373,NODE_0000790
2374,NODE_0000791
2375,NODE_0000792
2376,NODE_0000793
2377,NODE_0000794
2378,NODE_0000795
2379,NODE_0000796
2380,NODE_0000797
2381,NODE_0000798
2382,NODE_0000799
2383,NODE_0000800
2384,NODE_0000801
2385,NODE_0000802
2386,NODE_0000803
2387,NODE_0000804
2388,NODE_0000805
2389,NODE_0000806
2390,NODE_0000807
2391,NODE_0000808
2392,NODE_0000809
2393,NODE_0000810
2394,NODE_0000811
2395,NODE_0000812
2396,NODE_0000813
2397,NODE_0000814
2398,NODE_0000815
2399,NODE_0000816
2400,NODE_0000817
2401,NODE_0000818
2402,NODE_0000819
2403,NODE_0000820
2404,NODE_0000821
2405,NODE_0000822
2406,NODE_0000823
2407,NODE_0000824
2408,NODE_0000825
2409,NODE_0000826
2410,NODE_0000827
2411,NODE_0000828
2412,NODE_0000829
2413,NODE_0000830
2414,NODE_0000831
2415,NODE_0000832
2416,NODE_0000833
2417,NODE_0000834
2418,NODE_0000835
2419,NODE_0000836
2420,NODE_0000837
2421,NODE_0000838
2422,NODE_0000839
2423,NODE_0000840
2424,NODE_0000841
2425,NODE_0000842
2426,NODE_0000843
2427,NODE_0000844
2428,NODE_0000845
2429,NODE_0000846
2430,NODE_0000847
2431,NODE_0000848
2432,NODE_0000849
2433,NODE_0000850
2434,NODE_0000851
2435,NODE_0000852
2436,NODE_0000853
2437,NODE_0000854
2438,NODE_0000855
2439,NODE_0000856
2440,NODE_0000857
2441,NODE_0000858
2442,NODE_0000859
2443,NODE_0000860
2444,NODE_0000861
2445,NODE_0000862
